month,total_sales,total_profit,order_count,avg_unit_price,avg_discount,total_quantity,month_num,quarter,year,time_idx,lag_1,lag_2,roll_mean_3,roll_std_3,cat_Clothing & Accessories,cat_Furniture,cat_Office Supplies,cat_Technology,reg_Asia Pacific,reg_Europe,reg_Middle East & Africa,reg_North America,reg_South America
2023-03-01,45.26,-2.66,2.0,19.61,7.5,3.0,3,1,2023,3,364.86,163.99,264.425,142.0365391369418,True,False,False,False,True,False,False,False,False
2023-04-01,566.78,201.4,5.0,54.004,4.0,12.0,4,2,2023,4,45.26,364.86,191.37,161.5496465486694,True,False,False,False,True,False,False,False,False
2023-05-01,372.36,120.2,2.0,66.05,15.0,9.0,5,2,2023,5,566.78,45.26,325.6333333333333,262.9635452554847,True,False,False,False,True,False,False,False,False
2023-06-01,452.3200000000001,155.05,4.0,29.3525,8.75,16.0,6,2,2023,6,372.36,566.78,328.1333333333333,263.557917986414,True,False,False,False,True,False,False,False,False
2023-07-01,0.0,0.0,0.0,55.09,0.0,0.0,7,3,2023,7,452.3200000000001,372.36,463.82,97.71883953465675,True,False,False,False,True,False,False,False,False
2023-08-01,363.8,90.52,3.0,39.20333333333333,15.0,10.0,8,3,2023,8,0.0,452.3200000000001,274.8933333333334,241.39834078413497,True,False,False,False,True,False,False,False,False
2023-09-01,568.62,196.73,3.0,46.59666666666666,15.0,12.0,9,3,2023,9,363.8,0.0,272.04,239.71497408380654,True,False,False,False,True,False,False,False,False
2023-10-01,66.02,15.12,1.0,82.52,20.0,1.0,10,4,2023,10,568.62,363.8,310.8066666666667,287.9902709004825,True,False,False,False,True,False,False,False,False
2023-11-01,49.64,2.07,2.0,26.345,5.0,2.0,11,4,2023,11,66.02,568.62,332.81333333333333,252.72874813391002,True,False,False,False,True,False,False,False,False
2023-12-01,1137.85,440.63,5.0,63.470000000000006,9.0,20.0,12,4,2023,12,49.64,66.02,228.09333333333328,295.0184471068434,True,False,False,False,True,False,False,False,False
2024-01-01,0.0,0.0,0.0,55.09,0.0,0.0,1,1,2024,13,1137.85,49.64,417.8366666666666,623.6036210874125,True,False,False,False,True,False,False,False,False
2024-02-01,982.98,381.91,3.0,63.906666666666666,13.333333333333334,19.0,2,1,2024,14,0.0,1137.85,395.8299999999999,643.0873134341866,True,False,False,False,True,False,False,False,False
2024-03-01,1226.29,522.8,4.0,68.37,10.0,23.0,3,1,2024,15,982.98,0.0,706.9433333333333,617.1084480327045,True,False,False,False,True,False,False,False,False
2024-04-01,1178.47,383.43,7.0,44.847142857142856,15.714285714285714,32.0,4,2,2024,16,1226.29,982.98,736.4233333333332,649.2606821865414,True,False,False,False,True,False,False,False,False
2024-05-01,1351.38,609.27,4.0,63.195,2.5,17.0,5,2,2024,17,1178.47,1226.29,1129.2466666666667,128.90749176573485,True,False,False,False,True,False,False,False,False
2024-06-01,298.16,92.63,3.0,43.63999999999999,8.333333333333334,7.0,6,2,2024,18,1351.38,1178.47,1252.0466666666666,89.28617716832173,True,False,False,False,True,False,False,False,False
2024-07-01,123.84,23.22,1.0,25.8,20.0,6.0,7,3,2024,19,298.16,1351.38,942.67,564.8179548314657,True,False,False,False,True,False,False,False,False
2024-08-01,324.59000000000003,118.05,3.0,33.56666666666666,5.0,10.0,8,3,2024,20,123.84,298.16,591.1266666666667,664.1428413627093,True,False,False,False,True,False,False,False,False
2024-09-01,389.6,159.92000000000002,2.0,41.56,0.0,9.0,9,3,2024,21,324.59000000000003,123.84,248.86333333333326,109.07686112706412,True,False,False,False,True,False,False,False,False
2024-10-01,447.44,135.07,6.0,41.10666666666667,7.5,13.0,10,4,2024,22,389.6,324.59000000000003,279.34333333333325,138.53714315421996,True,False,False,False,True,False,False,False,False
2024-11-01,692.06,262.32,3.0,71.05,11.666666666666666,10.0,11,4,2024,23,447.44,389.6,387.20999999999987,61.45986251204531,True,False,False,False,True,False,False,False,False
2024-12-01,343.63,153.66,1.0,49.09,0.0,7.0,12,4,2024,24,692.06,447.44,509.6999999999999,160.5544879472371,True,False,False,False,True,False,False,False,False
2025-01-01,53.14,11.55,1.0,31.26,15.0,2.0,1,1,2025,25,343.63,692.06,494.37666666666655,178.89425433292385,True,False,False,False,True,False,False,False,False
2025-02-01,423.92,139.23000000000002,4.0,42.715,6.25,11.0,2,1,2025,26,53.14,343.63,362.9433333333332,319.89755427844847,True,False,False,False,True,False,False,False,False
2025-03-01,61.85,19.77,1.0,61.85,0.0,1.0,3,1,2025,27,423.92,53.14,273.5633333333333,195.06782264979762,True,False,False,False,True,False,False,False,False
2025-04-01,1643.43,757.84,4.0,60.93,2.5,16.0,4,2,2025,28,61.85,423.92,179.63666666666657,211.6003928005166,True,False,False,False,True,False,False,False,False
2025-05-01,147.53,49.18,1.0,40.98,10.0,4.0,5,2,2025,29,1643.43,61.85,709.7333333333332,828.6228154192551,True,False,False,False,True,False,False,False,False
2025-06-01,96.82,27.69,1.0,17.93,10.0,6.0,6,2,2025,30,147.53,1643.43,617.6033333333332,889.42426778975,True,False,False,False,True,False,False,False,False
2025-07-01,732.12,240.58,6.0,58.60833333333334,10.833333333333334,16.0,7,3,2025,31,96.82,147.53,629.2599999999999,878.6628862652614,True,False,False,False,True,False,False,False,False
2025-08-01,126.22,44.14,1.0,35.06,10.0,4.0,8,3,2025,32,732.12,96.82,325.48999999999995,353.0635122750578,True,False,False,False,True,False,False,False,False
2025-09-01,123.14,31.950000000000003,2.0,61.585,15.0,3.0,9,3,2025,33,126.22,732.12,318.3866666666666,358.6049962470311,True,False,False,False,True,False,False,False,False
2025-10-01,426.56,159.65000000000003,3.0,35.663333333333334,5.0,12.0,10,4,2025,34,123.14,126.22,327.1599999999999,350.70902868332297,True,False,False,False,True,False,False,False,False
2025-11-01,1062.21,473.89,3.0,81.93,5.0,11.0,11,4,2025,35,426.56,123.14,225.30666666666662,174.29730271387814,True,False,False,False,True,False,False,False,False
2025-12-01,778.83,295.37,3.0,47.59666666666666,6.666666666666667,19.0,12,4,2025,36,1062.21,426.56,537.3033333333333,479.2297785335685,True,False,False,False,True,False,False,False,False
2023-03-01,514.15,201.69,3.0,63.02666666666666,8.333333333333334,9.0,3,1,2023,3,356.3,26.5,191.4,233.20381643532338,True,False,False,False,False,True,False,False,False
2023-04-01,173.2,69.84,1.0,45.58,5.0,4.0,4,2,2023,4,514.15,356.3,298.98333333333335,248.82630655405657,True,False,False,False,False,True,False,False,False
2023-05-01,275.25,93.48,3.0,46.17333333333334,8.333333333333334,7.0,5,2,2023,5,173.2,514.15,347.88333333333327,170.63075875507712,True,False,False,False,False,True,False,False,False
2023-06-01,175.88,52.120000000000005,2.0,37.58,10.0,5.0,6,2,2023,6,275.25,173.2,320.8666666666666,174.99253079298364,True,False,False,False,False,True,False,False,False
2023-07-01,592.16,204.75,4.0,30.6925,10.0,21.0,7,3,2023,7,175.88,275.25,208.10999999999999,58.16038428346205,True,False,False,False,False,True,False,False,False
2023-08-01,656.26,231.16,3.0,53.53333333333333,11.666666666666666,15.0,8,3,2023,8,592.16,175.88,347.76333333333326,217.40721522832064,True,False,False,False,False,True,False,False,False
2023-09-01,171.97,48.3,2.0,28.685,12.5,6.0,9,3,2023,9,656.26,592.16,474.7666666666666,260.82011451062084,True,False,False,False,False,True,False,False,False
2023-10-01,963.32,328.21,5.0,55.446000000000005,10.0,19.0,10,4,2023,10,171.97,656.26,473.4633333333332,263.06059194287036,True,False,False,False,False,True,False,False,False
2023-11-01,14.93,-1.44,1.0,15.72,5.0,1.0,11,4,2023,11,963.32,171.97,597.1833333333333,398.96897753250613,True,False,False,False,False,True,False,False,False
2023-12-01,110.59,31.11,1.0,43.37,15.0,3.0,12,4,2023,12,14.93,963.32,383.4066666666666,508.32076097021,True,False,False,False,False,True,False,False,False
2024-01-01,340.49,108.97,3.0,49.15333333333333,10.0,8.0,1,1,2024,13,110.59,14.93,362.94666666666666,522.1339037386228,True,False,False,False,False,True,False,False,False
2024-02-01,652.8,263.5,4.0,50.8025,5.0,14.0,2,1,2024,14,340.49,110.59,155.3366666666666,167.32909649350682,True,False,False,False,False,True,False,False,False
2024-03-01,19.9,-0.53,1.0,24.87,20.0,1.0,3,1,2024,15,652.8,340.49,367.95999999999987,272.1467833725028,True,False,False,False,False,True,False,False,False
2024-04-01,410.69,107.49,4.0,35.57,17.5,14.0,4,2,2024,16,19.9,652.8,337.72999999999985,316.4590268897381,True,False,False,False,False,True,False,False,False
2024-05-01,572.41,218.69,4.0,55.665,7.5,10.0,5,2,2024,17,410.69,19.9,361.1299999999999,319.34737778788786,True,False,False,False,False,True,False,False,False
2024-06-01,54.94,8.83,1.0,22.89,20.0,3.0,6,2,2024,18,572.41,410.69,334.3333333333332,284.0591143289251,True,False,False,False,False,True,False,False,False
2024-07-01,817.21,302.52,5.0,51.078,12.0,22.0,7,3,2024,19,54.94,572.41,346.01333333333315,264.72835819634685,True,False,False,False,False,True,False,False,False
2024-08-01,354.18,114.87,4.0,27.957500000000003,8.75,14.0,8,3,2024,20,817.21,54.94,481.5199999999998,389.17814982344527,True,False,False,False,False,True,False,False,False
2024-09-01,234.22,71.96,3.0,36.66666666666666,8.333333333333334,6.0,9,3,2024,21,354.18,817.21,408.7766666666666,384.05661722372827,True,False,False,False,False,True,False,False,False
2024-10-01,1557.95,646.53,6.0,53.29166666666666,5.833333333333333,38.0,10,4,2024,22,234.22,354.18,468.5366666666666,307.85941667152775,True,False,False,False,False,True,False,False,False
2024-11-01,1602.1799999999998,656.6700000000001,6.0,54.54166666666666,8.333333333333334,32.0,11,4,2024,23,1557.95,234.22,715.4499999999998,732.0876231025902,True,False,False,False,False,True,False,False,False
2024-12-01,599.81,213.13,4.0,43.425,6.25,18.0,12,4,2024,24,1602.1799999999998,1557.95,1131.4499999999998,777.3386185569323,True,False,False,False,False,True,False,False,False
2025-01-01,911.18,383.68,2.0,69.66499999999999,7.5,15.0,1,1,2025,25,599.81,1602.1799999999998,1253.3133333333333,566.3824045936926,True,False,False,False,False,True,False,False,False
2025-02-01,485.12,169.5,3.0,41.53,8.333333333333334,14.0,2,1,2025,26,911.18,599.81,1037.7233333333331,513.0266227334926,True,False,False,False,False,True,False,False,False
2025-03-01,132.02,40.31,2.0,44.74,7.5,3.0,3,1,2025,27,485.12,911.18,665.3699999999998,220.46624707650858,True,False,False,False,False,True,False,False,False
2025-04-01,0.0,0.0,0.0,55.09,0.0,0.0,4,2,2025,28,132.02,485.12,509.4399999999998,390.1489115709541,True,False,False,False,False,True,False,False,False
2025-05-01,598.63,240.29,4.0,34.7225,2.5,20.0,5,2,2025,29,0.0,132.02,205.71333333333317,250.815438387141,True,False,False,False,False,True,False,False,False
2025-06-01,423.14,147.06,4.0,33.067499999999995,10.0,14.0,6,2,2025,30,598.63,0.0,243.54999999999984,314.51339383244135,True,False,False,False,False,True,False,False,False
2025-07-01,1383.95,532.23,8.0,43.0875,7.5,31.0,7,3,2025,31,423.14,598.63,340.58999999999986,307.7342134050101,True,False,False,False,False,True,False,False,False
2025-08-01,1554.44,597.2,7.0,40.701428571428565,9.285714285714286,40.0,8,3,2025,32,1383.95,423.14,801.9066666666664,511.6444238270689,True,False,False,False,False,True,False,False,False
2025-09-01,429.03,147.23000000000002,3.0,57.57,15.0,10.0,9,3,2025,33,1554.44,1383.95,1120.51,609.9265510698806,True,False,False,False,False,True,False,False,False
2025-10-01,599.0699999999999,231.39,3.0,60.49333333333334,10.0,10.0,10,4,2025,34,429.03,1554.44,1122.4733333333331,606.5595209320622,True,False,False,False,False,True,False,False,False
2025-11-01,0.0,0.0,0.0,55.09,0.0,0.0,11,4,2025,35,599.0699999999999,429.03,860.8466666666665,606.6565621777557,True,False,False,False,False,True,False,False,False
2025-12-01,1375.01,537.46,5.0,42.932,7.0,31.0,12,4,2025,36,0.0,599.0699999999999,342.6999999999998,308.7245825975,True,False,False,False,False,True,False,False,False
2023-03-01,394.05,160.42000000000002,2.0,50.415,0.0,9.0,3,1,2023,3,582.24,185.18,383.71000000000004,280.76381853793055,True,False,False,False,False,False,True,False,False
2023-04-01,40.72,7.15,1.0,42.86,5.0,1.0,4,2,2023,4,394.05,582.24,387.1566666666667,198.61973575990208,True,False,False,False,False,False,True,False,False
2023-05-01,0.0,0.0,0.0,55.09,0.0,0.0,5,2,2023,5,40.72,394.05,339.00333333333333,274.9246792002008,True,False,False,False,False,False,True,False,False
2023-06-01,194.85,31.79,3.0,24.19333333333333,3.333333333333333,12.0,6,2,2023,6,0.0,40.72,144.92333333333332,216.70856382093746,True,False,False,False,False,False,True,False,False
2023-07-01,0.0,0.0,0.0,55.09,0.0,0.0,7,3,2023,7,194.85,0.0,78.52333333333333,102.77864385821272,True,False,False,False,False,False,True,False,False
2023-08-01,591.05,222.56,3.0,25.876666666666665,5.0,19.0,8,3,2023,8,0.0,194.85,64.95,112.49669995159856,True,False,False,False,False,False,True,False,False
2023-09-01,0.0,0.0,0.0,55.09,0.0,0.0,9,3,2023,9,591.05,0.0,261.96666666666664,301.18683708511116,True,False,False,False,False,False,True,False,False
2023-10-01,382.78,139.4,3.0,49.11333333333334,3.333333333333333,8.0,10,4,2023,10,0.0,591.05,197.01666666666665,341.24287660452825,True,False,False,False,False,False,True,False,False
2023-11-01,0.0,0.0,0.0,55.09,0.0,0.0,11,4,2023,11,382.78,0.0,324.60999999999996,299.78798725099034,True,False,False,False,False,False,True,False,False
2023-12-01,474.71,145.17,3.0,47.21666666666667,8.333333333333334,10.0,12,4,2023,12,0.0,382.78,127.59333333333332,220.99813604040494,True,False,False,False,False,False,True,False,False
2024-01-01,0.0,0.0,0.0,55.09,0.0,0.0,1,1,2024,13,474.71,0.0,285.83,251.76749770373448,True,False,False,False,False,False,True,False,False
2024-02-01,435.84,199.01,1.0,108.96,0.0,4.0,2,1,2024,14,0.0,474.71,158.23666666666665,274.0739462870072,True,False,False,False,False,False,True,False,False
2024-03-01,0.0,0.0,0.0,55.09,0.0,0.0,3,1,2024,15,435.84,0.0,303.51666666666665,263.5706630741238,True,False,False,False,False,False,True,False,False
2024-04-01,629.96,274.69,1.0,82.89,5.0,8.0,4,2,2024,16,0.0,435.84,145.28,251.63234132360643,True,False,False,False,False,False,True,False,False
2024-05-01,0.0,0.0,0.0,55.09,0.0,0.0,5,2,2024,17,629.96,0.0,355.26666666666665,322.616563327634,True,False,False,False,False,False,True,False,False
2024-06-01,64.87,16.79,1.0,34.14,5.0,2.0,6,2,2024,18,0.0,629.96,209.98666666666668,363.7075755786966,True,False,False,False,False,False,True,False,False
2024-07-01,20.12,-5.67,1.0,25.15,20.0,1.0,7,3,2024,19,64.87,0.0,231.61,346.5026278399631,True,False,False,False,False,False,True,False,False
2024-08-01,0.0,0.0,0.0,55.09,0.0,0.0,8,3,2024,20,20.12,64.87,28.330000000000002,33.20515472031401,True,False,False,False,False,False,True,False,False
2024-09-01,375.0,100.68,1.0,62.5,25.0,8.0,9,3,2024,21,0.0,20.12,28.330000000000002,33.20515472031401,True,False,False,False,False,False,True,False,False
2024-10-01,948.45,387.38,3.0,90.0,11.666666666666666,15.0,10,4,2024,22,375.0,0.0,131.70666666666668,210.93823298144247,True,False,False,False,False,False,True,False,False
2024-11-01,0.0,0.0,0.0,55.09,0.0,0.0,11,4,2024,23,948.45,375.0,441.15000000000003,477.6727096035526,True,False,False,False,False,False,True,False,False
2024-12-01,220.36,92.77,1.0,55.09,0.0,4.0,12,4,2024,24,0.0,948.45,441.15000000000003,477.6727096035526,True,False,False,False,False,False,True,False,False
2025-01-01,0.0,0.0,0.0,55.09,0.0,0.0,1,1,2025,25,220.36,0.0,389.6033333333333,496.3585700210416,True,False,False,False,False,False,True,False,False
2025-02-01,0.0,0.0,0.0,55.09,0.0,0.0,2,1,2025,26,0.0,220.36,73.45333333333333,127.22490531862574,True,False,False,False,False,False,True,False,False
2025-03-01,0.0,0.0,0.0,55.09,0.0,0.0,3,1,2025,27,0.0,0.0,73.45333333333333,127.22490531862574,True,False,False,False,False,False,True,False,False
2025-04-01,329.91,131.63,1.0,31.57,5.0,11.0,4,2,2025,28,0.0,0.0,0.0,0.0,True,False,False,False,False,False,True,False,False
2025-05-01,56.7,11.72,1.0,14.92,5.0,4.0,5,2,2025,29,329.91,0.0,109.97000000000001,190.47362730834945,True,False,False,False,False,False,True,False,False
2025-06-01,204.72,60.94,3.0,37.51333333333333,1.6666666666666667,6.0,6,2,2025,30,56.7,329.91,128.87,176.3987916625281,True,False,False,False,False,False,True,False,False
2025-07-01,138.21,54.93,1.0,46.07,0.0,3.0,7,3,2025,31,204.72,56.7,197.11,136.76388448709696,True,False,False,False,False,False,True,False,False
2025-08-01,338.72,117.75,1.0,79.7,15.0,5.0,8,3,2025,32,138.21,204.72,133.21,74.13656385347245,True,False,False,False,False,False,True,False,False
2025-09-01,231.54,81.44,2.0,46.465,5.0,6.0,9,3,2025,33,338.72,138.21,227.2166666666667,102.13050491079214,True,False,False,False,False,False,True,False,False
2025-10-01,0.0,0.0,0.0,55.09,0.0,0.0,10,4,2025,34,231.54,338.72,236.15666666666667,100.33469107608464,True,False,False,False,False,False,True,False,False
2025-11-01,200.61,68.72,2.0,39.38,5.0,5.0,11,4,2025,35,0.0,231.54,190.08666666666667,173.1230595077771,True,False,False,False,False,False,True,False,False
2025-12-01,121.12,43.67,1.0,30.28,0.0,4.0,12,4,2025,36,200.61,0.0,144.04999999999998,125.70587933744386,True,False,False,False,False,False,True,False,False
2023-03-01,370.97,145.32999999999998,2.0,42.815,5.0,11.0,3,1,2023,3,253.97,214.4,234.185,27.98021533155168,True,False,False,False,False,False,False,True,False
2023-04-01,79.15,15.28,1.0,37.69,30.0,3.0,4,2,2023,4,370.97,253.97,279.78000000000003,81.41350195145766,True,False,False,False,False,False,False,True,False
2023-05-01,134.2,49.9,1.0,26.84,0.0,5.0,5,2,2023,5,79.15,370.97,234.6966666666667,146.86158154307523,True,False,False,False,False,False,False,True,False
2023-06-01,219.9,78.78999999999999,2.0,33.89,5.0,7.0,6,2,2023,6,134.2,79.15,194.77333333333334,155.05345734079373,True,False,False,False,False,False,False,True,False
2023-07-01,648.47,251.13,5.0,42.27,7.0,19.0,7,3,2023,7,219.9,134.2,144.41666666666666,70.92901968400056,True,False,False,False,False,False,False,True,False
2023-08-01,1137.86,462.3200000000001,7.0,46.705714285714286,10.0,21.0,8,3,2023,8,648.47,219.9,334.19,275.5268794509894,True,False,False,False,False,False,False,True,False
2023-09-01,802.65,265.04,5.0,66.298,13.0,11.0,9,3,2023,9,1137.86,648.47,668.7433333333333,459.3156827644069,True,False,False,False,False,False,False,True,False
2023-10-01,129.12,46.9,1.0,33.98,5.0,4.0,10,4,2023,10,802.65,1137.86,862.9933333333332,250.21317198207865,True,False,False,False,False,False,False,True,False
2023-11-01,41.11,12.63,1.0,45.68,10.0,1.0,11,4,2023,11,129.12,802.65,689.8766666666667,513.7387131931303,True,False,False,False,False,False,False,True,False
2023-12-01,543.84,181.18,4.0,31.445,12.5,20.0,12,4,2023,12,41.11,129.12,324.29333333333324,416.5996464632842,True,False,False,False,False,False,False,True,False
2024-01-01,774.4200000000001,252.87,5.0,52.364,14.0,18.0,1,1,2024,13,543.84,41.11,238.02333333333328,268.47591183071415,True,False,False,False,False,False,False,True,False
2024-02-01,285.84000000000003,111.97,2.0,33.49,2.5,10.0,2,1,2024,14,774.4200000000001,543.84,453.1233333333333,374.97736496131785,True,False,False,False,False,False,False,True,False
2024-03-01,152.19,63.6,1.0,32.04,5.0,5.0,3,1,2024,15,285.84000000000003,774.4200000000001,534.6999999999999,244.41820472297064,True,False,False,False,False,False,False,True,False
2024-04-01,276.13,91.82,3.0,51.71,13.333333333333334,7.0,4,2,2024,16,152.19,285.84000000000003,404.1499999999999,327.5522634634052,True,False,False,False,False,False,False,True,False
2024-05-01,764.8299999999999,301.82,4.0,47.78,11.25,17.0,5,2,2024,17,276.13,152.19,238.05333333333328,74.51815237466221,True,False,False,False,False,False,False,True,False
2024-06-01,880.2199999999999,347.21000000000004,8.0,48.58625,6.25,18.0,6,2,2024,18,764.8299999999999,276.13,397.7166666666665,323.91268967629736,True,False,False,False,False,False,False,True,False
2024-07-01,298.57,97.45,3.0,46.32666666666668,11.666666666666666,8.0,7,3,2024,19,880.2199999999999,764.8299999999999,640.3933333333332,320.6938493849442,True,False,False,False,False,False,False,True,False
2024-08-01,565.81,234.65,4.0,58.8175,5.0,10.0,8,3,2024,20,298.57,880.2199999999999,647.8733333333332,307.958320285933,True,False,False,False,False,False,False,True,False
2024-09-01,445.46,176.17,4.0,21.965,7.5,20.0,9,3,2024,21,565.81,298.57,581.5333333333332,291.14360379945373,True,False,False,False,False,False,False,True,False
2024-10-01,401.74,133.93,5.0,39.966,11.0,13.0,10,4,2024,22,445.46,565.81,436.61333333333323,133.83946366200558,True,False,False,False,False,False,False,True,False
2024-11-01,428.75,147.23000000000002,4.0,39.3725,11.25,13.0,11,4,2024,23,401.74,445.46,471.0033333333333,84.96521425461899,True,False,False,False,False,False,False,True,False
2024-12-01,929.74,388.05,5.0,39.998000000000005,5.0,24.0,12,4,2024,24,428.75,401.74,425.3166666666666,22.06128811591283,True,False,False,False,False,False,False,True,False
2025-01-01,203.63,83.05,2.0,22.045,2.5,9.0,1,1,2025,25,929.74,428.75,586.7433333333332,297.3506684595367,True,False,False,False,False,False,False,True,False
2025-02-01,320.74,119.42,3.0,49.81999999999999,10.0,7.0,2,1,2025,26,203.63,929.74,520.7066666666666,371.6866347251853,True,False,False,False,False,False,False,True,False
2025-03-01,860.0699999999999,351.64,5.0,41.488,3.0,19.0,3,1,2025,27,320.74,203.63,484.7033333333332,389.8357526360728,True,False,False,False,False,False,False,True,False
2025-04-01,77.03,24.24,1.0,90.62,15.0,1.0,4,2,2025,28,860.0699999999999,320.74,461.47999999999985,350.12023520499355,True,False,False,False,False,False,False,True,False
2025-05-01,806.47,325.84,6.0,46.75333333333333,10.0,19.0,5,2,2025,29,77.03,860.0699999999999,419.2799999999999,400.7125018014786,True,False,False,False,False,False,False,True,False
2025-06-01,492.35,210.17,2.0,68.045,10.0,8.0,6,2,2025,30,806.47,77.03,581.1899999999999,437.4371031359823,True,False,False,False,False,False,False,True,False
2025-07-01,655.53,255.49,3.0,56.56333333333333,6.666666666666667,15.0,7,3,2025,31,492.35,806.47,458.6166666666666,365.88814101215877,True,False,False,False,False,False,False,True,False
2025-08-01,53.12,11.02,2.0,28.505,7.5,2.0,8,3,2025,32,655.53,492.35,651.4499999999999,157.0997402925927,True,False,False,False,False,False,False,True,False
2025-09-01,152.25,42.64,3.0,22.636666666666667,16.666666666666668,10.0,9,3,2025,33,53.12,655.53,400.33333333333326,311.5682144143291,True,False,False,False,False,False,False,True,False
2025-10-01,2662.89,1208.73,7.0,68.74857142857142,3.571428571428572,41.0,10,4,2025,34,152.25,53.12,286.9666666666666,323.01066117596383,True,False,False,False,False,False,False,True,False
2025-11-01,0.0,0.0,0.0,55.09,0.0,0.0,11,4,2025,35,2662.89,152.25,956.0866666666666,1478.9658221991924,True,False,False,False,False,False,False,True,False
2025-12-01,1061.12,451.64,5.0,55.752,7.0,18.0,12,4,2025,36,0.0,2662.89,938.38,1495.4083290860726,True,False,False,False,False,False,False,True,False
2023-03-01,275.31,107.7,1.0,61.18,10.0,5.0,3,1,2023,3,1468.85,264.48,866.665,851.6181940576422,True,False,False,False,False,False,False,False,True
2023-04-01,0.0,0.0,0.0,55.09,0.0,0.0,4,2,2023,4,275.31,1468.85,669.5466666666666,692.2381716095504,True,False,False,False,False,False,False,False,True
2023-05-01,227.06,68.37,1.0,94.61,20.0,3.0,5,2,2023,5,0.0,275.31,581.3866666666667,780.795924062961,True,False,False,False,False,False,False,False,True
2023-06-01,63.27,13.22,1.0,79.09,20.0,1.0,6,2,2023,6,227.06,0.0,167.45666666666668,147.01468305354115,True,False,False,False,False,False,False,False,True
2023-07-01,142.12,43.39,2.0,47.13,2.5,3.0,7,3,2023,7,63.27,227.06,96.77666666666666,117.17970572301819,True,False,False,False,False,False,False,False,True
2023-08-01,819.8,329.96000000000004,4.0,80.30000000000001,10.0,10.0,8,3,2023,8,142.12,63.27,144.15,81.91386756831727,True,False,False,False,False,False,False,False,True
2023-09-01,0.0,0.0,0.0,55.09,0.0,0.0,9,3,2023,9,819.8,142.12,341.73,415.89364541911414,True,False,False,False,False,False,False,False,True
2023-10-01,779.58,272.54,1.0,74.96,20.0,13.0,10,4,2023,10,0.0,819.8,320.64000000000004,438.0868096621944,True,False,False,False,False,False,False,False,True
2023-11-01,379.85,145.8,2.0,54.21,7.5,8.0,11,4,2023,11,779.58,0.0,533.1266666666667,462.13898789577706,True,False,False,False,False,False,False,False,True
2023-12-01,0.0,0.0,0.0,55.09,0.0,0.0,12,4,2023,12,379.85,779.58,386.47666666666674,389.83224421965554,True,False,False,False,False,False,False,False,True
2024-01-01,88.36,15.03,2.0,16.915,10.0,7.0,1,1,2024,13,0.0,379.85,386.47666666666674,389.83224421965554,True,False,False,False,False,False,False,False,True
2024-02-01,0.0,0.0,0.0,55.09,0.0,0.0,2,1,2024,14,88.36,0.0,156.07000000000005,198.77119685708925,True,False,False,False,False,False,False,False,True
2024-03-01,92.86,6.95,1.0,14.51,20.0,8.0,3,1,2024,15,0.0,88.36,29.453333333333372,51.01466978559221,True,False,False,False,False,False,False,False,True
2024-04-01,370.36,155.03,1.0,77.97,5.0,5.0,4,2,2024,16,92.86,0.0,60.4066666666667,52.36207151491456,True,False,False,False,False,False,False,False,True
2024-05-01,479.7,216.76,1.0,79.95,0.0,6.0,5,2,2024,17,370.36,92.86,154.40666666666672,192.6982784908393,True,False,False,False,False,False,False,False,True
2024-06-01,38.26,3.38,1.0,47.83,20.0,1.0,6,2,2024,18,479.7,370.36,314.3066666666667,199.4186012721309,True,False,False,False,False,False,False,False,True
2024-07-01,0.0,0.0,0.0,55.09,0.0,0.0,7,3,2024,19,38.26,479.7,296.10666666666674,229.8966866514894,True,False,False,False,False,False,False,False,True
2024-08-01,592.01,210.82,2.0,76.12,15.0,8.0,8,3,2024,20,0.0,38.26,172.6533333333334,266.5974465994246,True,False,False,False,False,False,False,False,True
2024-09-01,31.92,3.89,1.0,31.92,0.0,1.0,9,3,2024,21,592.01,0.0,210.09000000000006,331.3051791022889,True,False,False,False,False,False,False,False,True
2024-10-01,216.09,50.94,3.0,34.916666666666664,11.666666666666666,7.0,10,4,2024,22,31.92,592.01,207.97666666666672,332.9653471959703,True,False,False,False,False,False,False,False,True
2024-11-01,0.0,0.0,0.0,55.09,0.0,0.0,11,4,2024,23,216.09,31.92,280.0066666666667,285.46314514019684,True,False,False,False,False,False,False,False,True
2024-12-01,0.0,0.0,0.0,55.09,0.0,0.0,12,4,2024,24,0.0,216.09,82.67000000000007,116.64216175980144,True,False,False,False,False,False,False,False,True
2025-01-01,0.0,0.0,0.0,55.09,0.0,0.0,1,1,2025,25,0.0,0.0,72.03000000000007,124.75961966918496,True,False,False,False,False,False,False,False,True
2025-02-01,0.0,0.0,0.0,55.09,0.0,0.0,2,1,2025,26,0.0,0.0,0.0,0.0,True,False,False,False,False,False,False,False,True
2025-03-01,158.63,58.41,1.0,55.66,5.0,3.0,3,1,2025,27,0.0,0.0,0.0,0.0,True,False,False,False,False,False,False,False,True
2025-04-01,18.14,-5.55,1.0,10.67,15.0,2.0,4,2,2025,28,158.63,0.0,52.87666666666674,91.58507320155033,True,False,False,False,False,False,False,False,True
2025-05-01,272.37,53.65,3.0,29.94666666666667,10.0,11.0,5,2,2025,29,18.14,158.63,58.9233333333334,86.82355344797477,True,False,False,False,False,False,False,False,True
2025-06-01,0.0,0.0,0.0,55.09,0.0,0.0,6,2,2025,30,272.37,18.14,149.7133333333334,127.34933621080768,True,False,False,False,False,False,False,False,True
2025-07-01,0.0,0.0,0.0,55.09,0.0,0.0,7,3,2025,31,0.0,272.37,96.83666666666674,152.28666466021681,True,False,False,False,False,False,False,False,True
2025-08-01,0.0,0.0,0.0,55.09,0.0,0.0,8,3,2025,32,0.0,0.0,90.79000000000008,157.25289281917836,True,False,False,False,False,False,False,False,True
2025-09-01,0.0,0.0,0.0,55.09,0.0,0.0,9,3,2025,33,0.0,0.0,0.0,0.0,True,False,False,False,False,False,False,False,True
2025-10-01,34.47,2.66,1.0,40.55,15.0,1.0,10,4,2025,34,0.0,0.0,0.0,0.0,True,False,False,False,False,False,False,False,True
2025-11-01,878.05,399.3,2.0,102.66,2.5,9.0,11,4,2025,35,34.47,0.0,11.490000000000075,19.9012637789664,True,False,False,False,False,False,False,False,True
2025-12-01,73.25,22.54,1.0,77.11,5.0,1.0,12,4,2025,36,878.05,34.47,304.1733333333334,497.2905253806202,True,False,False,False,False,False,False,False,True
2023-03-01,4841.03,1724.88,4.0,192.4025,6.25,18.0,3,1,2023,3,377.48,3242.82,1810.15,2026.1013444050623,False,True,False,False,True,False,False,False,False
2023-04-01,616.41,191.95,3.0,97.12666666666668,6.666666666666667,7.0,4,2,2023,4,4841.03,377.48,2820.443333333333,2261.5528264962845,False,True,False,False,True,False,False,False,False
2023-05-01,1749.7800000000002,552.35,3.0,99.4,15.0,19.0,5,2,2023,5,616.41,4841.03,1944.9733333333334,2510.9022379681237,False,True,False,False,True,False,False,False,False
2023-06-01,700.38,206.82,3.0,214.9,8.333333333333334,4.0,6,2,2023,6,1749.7800000000002,616.41,2402.4066666666663,2186.61718429023,False,True,False,False,True,False,False,False,False
2023-07-01,4568.56,1648.84,5.0,188.084,9.0,22.0,7,3,2023,7,700.38,1749.7800000000002,1022.19,631.5086272569825,False,True,False,False,True,False,False,False,False
2023-08-01,636.22,157.95,2.0,97.935,15.0,8.0,8,3,2023,8,4568.56,700.38,2339.5733333333337,2000.3990252280505,False,True,False,False,True,False,False,False,False
2023-09-01,1415.07,474.87,4.0,179.43,5.0,10.0,9,3,2023,9,636.22,4568.56,1968.3866666666665,2252.044659622303,False,True,False,False,True,False,False,False,False
2023-10-01,2938.99,929.6,5.0,145.89,10.0,20.0,10,4,2023,10,1415.07,636.22,2206.616666666667,2082.242556243949,False,True,False,False,True,False,False,False,False
2023-11-01,1963.3,476.21,3.0,174.6233333333333,16.666666666666668,11.0,11,4,2023,11,2938.99,1415.07,1663.4266666666665,1171.301922491948,False,True,False,False,True,False,False,False,False
2023-12-01,2927.84,849.18,9.0,141.38555555555556,7.222222222222222,24.0,12,4,2023,12,1963.3,2938.99,2105.7866666666664,771.8872192447119,False,True,False,False,True,False,False,False,False
2024-01-01,204.53,29.95,2.0,113.645,15.0,3.0,1,1,2024,13,2927.84,1963.3,2610.0433333333335,560.123901501565,False,True,False,False,True,False,False,False,False
2024-02-01,2341.66,654.84,2.0,246.155,17.5,8.0,2,1,2024,14,204.53,2927.84,1698.5566666666666,1380.8226220023093,False,True,False,False,True,False,False,False,False
2024-03-01,131.08,26.06,1.0,36.41,10.0,4.0,3,1,2024,15,2341.66,204.53,1824.676666666667,1433.3730024781871,False,True,False,False,True,False,False,False,False
2024-04-01,1470.95,359.07,6.0,151.48833333333334,15.0,14.0,4,2,2024,16,131.08,2341.66,892.4233333333333,1255.6129629122704,False,True,False,False,True,False,False,False,False
2024-05-01,1182.36,435.79,3.0,106.16666666666669,0.0,10.0,5,2,2024,17,1470.95,131.08,1314.5633333333333,1113.5567234017904,False,True,False,False,True,False,False,False,False
2024-06-01,931.61,301.25,3.0,98.10666666666668,3.333333333333333,13.0,6,2,2024,18,1182.36,1470.95,928.13,705.186198035666,False,True,False,False,True,False,False,False,False
2024-07-01,302.99,73.96,2.0,47.45,7.5,7.0,7,3,2024,19,931.61,1182.36,1194.9733333333334,269.89114663755004,False,True,False,False,True,False,False,False,False
2024-08-01,824.51,277.92,2.0,129.46,5.0,7.0,8,3,2024,20,302.99,931.61,805.6533333333333,453.0140291793738,False,True,False,False,True,False,False,False,False
2024-09-01,1037.32,270.1,2.0,131.935,15.0,8.0,9,3,2024,21,824.51,302.99,686.37,336.3075538848287,False,True,False,False,True,False,False,False,False
2024-10-01,3364.4300000000003,819.44,4.0,130.64,11.25,23.0,10,4,2024,22,1037.32,824.51,721.6066666666666,377.82530253191135,False,True,False,False,True,False,False,False,False
2024-11-01,4632.52,1396.93,6.0,147.16166666666666,8.333333333333334,31.0,11,4,2024,23,3364.4300000000003,1037.32,1742.0866666666668,1409.0139965356389,False,True,False,False,True,False,False,False,False
2024-12-01,1667.44,653.71,1.0,416.86,0.0,4.0,12,4,2024,24,4632.52,3364.4300000000003,3011.4233333333336,1823.4105516951845,False,True,False,False,True,False,False,False,False
2025-01-01,818.61,270.88,3.0,135.5666666666667,5.0,6.0,1,1,2025,25,1667.44,4632.52,3221.4633333333336,1487.7010628595174,False,True,False,False,True,False,False,False,False
2025-02-01,0.0,0.0,0.0,55.09,0.0,0.0,2,1,2025,26,818.61,1667.44,2372.856666666667,2002.4202548998885,False,True,False,False,True,False,False,False,False
2025-03-01,1310.21,410.1,4.0,122.705,7.5,15.0,3,1,2025,27,0.0,818.61,828.6833333333334,833.7656399932349,False,True,False,False,True,False,False,False,False
2025-04-01,884.1600000000001,313.65,2.0,194.045,5.0,6.0,4,2,2025,28,1310.21,0.0,709.6066666666667,661.8714799969313,False,True,False,False,True,False,False,False,False
2025-05-01,4707.99,1557.74,6.0,172.32000000000002,6.666666666666667,29.0,5,2,2025,29,884.1600000000001,1310.21,731.4566666666666,668.3197528379123,False,True,False,False,True,False,False,False,False
2025-06-01,1246.55,268.31,5.0,118.668,15.0,11.0,6,2,2025,30,4707.99,884.1600000000001,2300.7866666666664,2095.554954333895,False,True,False,False,True,False,False,False,False
2025-07-01,1698.42,547.61,5.0,187.726,7.0,11.0,7,3,2025,31,1246.55,4707.99,2279.5666666666666,2110.867485758718,False,True,False,False,True,False,False,False,False
2025-08-01,404.57,109.6,2.0,50.305,12.5,7.0,8,3,2025,32,1698.42,1246.55,2550.9866666666667,1881.6333753506108,False,True,False,False,True,False,False,False,False
2025-09-01,2358.39,680.52,8.0,137.68,8.125,25.0,9,3,2025,33,404.57,1698.42,1116.5133333333333,656.6537189671049,False,True,False,False,True,False,False,False,False
2025-10-01,1496.77,450.7,4.0,109.2825,10.0,17.0,10,4,2025,34,2358.39,404.57,1487.1266666666663,993.8997950665503,False,True,False,False,True,False,False,False,False
2025-11-01,1354.51,435.14,6.0,132.855,6.666666666666667,11.0,11,4,2025,35,1496.77,2358.39,1419.9099999999999,979.175031748664,False,True,False,False,True,False,False,False,False
2025-12-01,3098.87,868.61,5.0,120.788,9.0,25.0,12,4,2025,36,1354.51,1496.77,1736.5566666666666,543.2006974713225,False,True,False,False,True,False,False,False,False
2023-03-01,969.68,260.17,2.0,191.895,17.5,6.0,3,1,2023,3,1815.65,1058.14,1436.895,535.6404578166217,False,True,False,False,False,True,False,False,False
2023-04-01,1552.42,455.13,3.0,180.9,8.333333333333334,12.0,4,2,2023,4,969.68,1815.65,1281.1566666666668,464.9931563295673,False,True,False,False,False,True,False,False,False
2023-05-01,583.57,150.2,2.0,221.99,12.5,3.0,5,2,2023,5,1552.42,969.68,1445.9166666666667,432.92439320663533,False,True,False,False,False,True,False,False,False
2023-06-01,4142.93,1458.63,4.0,146.2225,6.25,19.0,6,2,2023,6,583.57,1552.42,1035.2233333333336,487.7391998120855,False,True,False,False,False,True,False,False,False
2023-07-01,827.61,243.13,3.0,108.77333333333333,13.333333333333334,7.0,7,3,2023,7,4142.93,583.57,2092.9733333333334,1840.219914041073,False,True,False,False,False,True,False,False,False
2023-08-01,858.92,247.68,3.0,120.20333333333332,13.333333333333334,7.0,8,3,2023,8,827.61,4142.93,1851.37,1988.2968353844958,False,True,False,False,False,True,False,False,False
2023-09-01,1272.86,322.87,2.0,75.36,15.0,20.0,9,3,2023,9,858.92,827.61,1943.1533333333334,1905.1267979935967,False,True,False,False,False,True,False,False,False
2023-10-01,4541.85,1560.11,3.0,296.1366666666667,5.0,18.0,10,4,2023,10,1272.86,858.92,986.4633333333333,248.52035537020802,False,True,False,False,False,True,False,False,False
2023-11-01,1723.16,462.53,4.0,119.9175,15.0,19.0,11,4,2023,11,4541.85,1272.86,2224.5433333333335,2017.49082313485,False,True,False,False,False,True,False,False,False
2023-12-01,2338.93,719.49,7.0,112.11285714285714,8.571428571428571,27.0,12,4,2023,12,1723.16,4541.85,2512.6233333333334,1771.726042883982,False,True,False,False,False,True,False,False,False
2024-01-01,154.2,47.74,1.0,81.16,5.0,2.0,1,1,2024,13,2338.93,1723.16,2867.98,1481.9493094907125,False,True,False,False,False,True,False,False,False
2024-02-01,656.78,242.71,2.0,179.49,0.0,3.0,2,1,2024,14,154.2,2338.93,1405.43,1126.4881525786234,False,True,False,False,False,True,False,False,False
2024-03-01,1744.91,552.5,3.0,129.54999999999998,6.666666666666667,12.0,3,1,2024,15,656.78,154.2,1049.97,1144.2071819823543,False,True,False,False,False,True,False,False,False
2024-04-01,0.0,0.0,0.0,55.09,0.0,0.0,4,2,2024,16,1744.91,656.78,851.9633333333335,813.1186729090251,False,True,False,False,False,True,False,False,False
2024-05-01,515.8199999999999,137.93,3.0,119.55666666666669,8.333333333333334,10.0,5,2,2024,17,0.0,1744.91,800.5633333333335,881.2961830357228,False,True,False,False,False,True,False,False,False
2024-06-01,1072.0,339.74,4.0,98.045,3.75,13.0,6,2,2024,18,515.8199999999999,0.0,753.5766666666667,896.4228362962058,False,True,False,False,False,True,False,False,False
2024-07-01,7692.67,2768.73,4.0,280.635,7.5,26.0,7,3,2024,19,1072.0,515.8199999999999,529.2733333333333,536.1266120361254,False,True,False,False,False,True,False,False,False
2024-08-01,225.15,77.66,1.0,75.05,0.0,3.0,8,3,2024,20,7692.67,1072.0,3093.4966666666664,3992.697153633535,False,True,False,False,False,True,False,False,False
2024-09-01,650.53,202.11,3.0,58.94,3.333333333333333,12.0,9,3,2024,21,225.15,7692.67,2996.6066666666666,4088.8931086093867,False,True,False,False,False,True,False,False,False
2024-10-01,2972.33,940.11,3.0,226.19333333333336,10.0,17.0,10,4,2024,22,650.53,225.15,2856.116666666667,4193.974623878086,False,True,False,False,False,True,False,False,False
2024-11-01,1699.85,640.5500000000001,2.0,157.59,7.5,9.0,11,4,2024,23,2972.33,650.53,1282.6699999999998,1478.6650137201477,False,True,False,False,False,True,False,False,False
2024-12-01,3205.3900000000003,979.83,4.0,183.525,10.0,18.0,12,4,2024,24,1699.85,2972.33,1774.2366666666665,1162.6860462452178,False,True,False,False,False,True,False,False,False
2025-01-01,2146.35,742.9,4.0,149.39999999999998,5.0,15.0,1,1,2025,25,3205.3900000000003,1699.85,2625.8566666666666,810.3675097962247,False,True,False,False,False,True,False,False,False
2025-02-01,455.94,69.93,4.0,38.955,15.0,14.0,2,1,2025,26,2146.35,3205.3900000000003,2350.53,773.2591914746322,False,True,False,False,False,True,False,False,False
2025-03-01,1467.71,473.54,5.0,109.024,9.0,13.0,3,1,2025,27,455.94,2146.35,1935.8933333333332,1386.7544238376656,False,True,False,False,False,True,False,False,False
2025-04-01,3337.31,1247.99,5.0,152.004,3.0,18.0,4,2,2025,28,1467.71,455.94,1356.6666666666667,850.6582500824508,False,True,False,False,False,True,False,False,False
2025-05-01,4824.52,1634.81,8.0,153.4725,8.75,28.0,5,2,2025,29,3337.31,1467.71,1753.6533333333334,1461.8125603624208,False,True,False,False,False,True,False,False,False
2025-06-01,2670.72,906.96,5.0,158.004,9.0,13.0,6,2,2025,30,4824.52,3337.31,3209.846666666667,1682.0310698775252,False,True,False,False,False,True,False,False,False
2025-07-01,4425.33,1433.18,10.0,155.946,8.0,24.0,7,3,2025,31,2670.72,4824.52,3610.85,1102.6475904385761,False,True,False,False,False,True,False,False,False
2025-08-01,378.73,101.45,1.0,222.78,15.0,2.0,8,3,2025,32,4425.33,2670.72,3973.523333333333,1145.7794543599261,False,True,False,False,False,True,False,False,False
2025-09-01,3618.11,1292.29,7.0,142.3242857142857,7.142857142857143,25.0,9,3,2025,33,378.73,4425.33,2491.593333333333,2029.2381974606465,False,True,False,False,False,True,False,False,False
2025-10-01,2901.77,985.89,4.0,235.9725,5.0,12.0,10,4,2025,34,3618.11,378.73,2807.39,2141.656620189147,False,True,False,False,False,True,False,False,False
2025-11-01,6022.43,1709.73,9.0,170.2733333333333,9.444444444444445,38.0,11,4,2025,35,2901.77,3618.11,2299.536666666667,1701.590267054127,False,True,False,False,False,True,False,False,False
2025-12-01,2753.13,902.42,6.0,158.3733333333333,8.333333333333334,22.0,12,4,2025,36,6022.43,2901.77,4180.77,1634.6465720760548,False,True,False,False,False,True,False,False,False
2023-03-01,486.21,152.70000000000002,2.0,77.485,2.5,7.0,3,1,2023,3,0.0,1394.52,697.26,986.0745485002643,False,True,False,False,False,False,True,False,False
2023-04-01,2721.92,804.9300000000001,4.0,186.8225,11.25,14.0,4,2,2023,4,486.21,0.0,626.91,707.8268680263557,False,True,False,False,False,False,True,False,False
2023-05-01,592.4100000000001,176.45,2.0,216.17,12.5,3.0,5,2,2023,5,2721.92,486.21,1069.3766666666668,1451.6454947518466,False,True,False,False,False,False,True,False,False
2023-06-01,1360.62,453.92,4.0,71.14,5.0,22.0,6,2,2023,6,592.4100000000001,2721.92,1266.8466666666666,1261.2487518460955,False,True,False,False,False,False,True,False,False
2023-07-01,2833.06,669.85,7.0,120.47857142857144,12.857142857142858,22.0,7,3,2023,7,1360.62,592.4100000000001,1558.3166666666666,1078.432283007762,False,True,False,False,False,False,True,False,False
2023-08-01,79.61,12.83,1.0,44.23,10.0,2.0,8,3,2023,8,2833.06,1360.62,1595.3633333333335,1138.6204064715043,False,True,False,False,False,False,True,False,False
2023-09-01,925.72,323.49,2.0,100.355,5.0,9.0,9,3,2023,9,79.61,2833.06,1424.43,1377.8336302689088,False,True,False,False,False,False,True,False,False
2023-10-01,730.87,182.77,4.0,76.38499999999999,13.75,12.0,10,4,2023,10,925.72,79.61,1279.4633333333334,1410.3979881697696,False,True,False,False,False,False,True,False,False
2023-11-01,0.0,0.0,0.0,55.09,0.0,0.0,11,4,2023,11,730.87,925.72,578.7333333333333,443.09672424125796,False,True,False,False,False,False,True,False,False
2023-12-01,539.72,162.26,2.0,80.485,5.0,7.0,12,4,2023,12,0.0,730.87,552.1966666666667,488.0394447514805,False,True,False,False,False,False,True,False,False
2024-01-01,218.42,50.29,1.0,34.67,10.0,7.0,1,1,2024,13,539.72,0.0,423.53000000000003,379.0353892448567,False,True,False,False,False,False,True,False,False
2024-02-01,0.0,0.0,0.0,55.09,0.0,0.0,2,1,2024,14,218.42,539.72,252.71333333333334,271.4893075856455,False,True,False,False,False,False,True,False,False
2024-03-01,1269.08,355.3,2.0,130.27499999999998,12.5,11.0,3,1,2024,15,0.0,218.42,252.71333333333334,271.4893075856455,False,True,False,False,False,False,True,False,False
2024-04-01,1531.16,540.71,1.0,107.45,5.0,15.0,4,2,2024,16,1269.08,0.0,495.8333333333333,678.4980690711901,False,True,False,False,False,False,True,False,False
2024-05-01,67.18,14.78,1.0,67.18,0.0,1.0,5,2,2024,17,1531.16,1269.08,933.4133333333333,818.9119731285738,False,True,False,False,False,False,True,False,False
2024-06-01,0.0,0.0,0.0,55.09,0.0,0.0,6,2,2024,18,67.18,1531.16,955.8066666666667,780.6500471615524,False,True,False,False,False,False,True,False,False
2024-07-01,0.0,0.0,0.0,55.09,0.0,0.0,7,3,2024,19,0.0,67.18,532.7800000000001,865.2746710727179,False,True,False,False,False,False,True,False,False
2024-08-01,0.0,0.0,0.0,55.09,0.0,0.0,8,3,2024,20,0.0,0.0,22.393333333333334,38.78639108415449,False,True,False,False,False,False,True,False,False
2024-09-01,124.22,22.56,1.0,73.07,15.0,2.0,9,3,2024,21,0.0,0.0,0.0,0.0,False,True,False,False,False,False,True,False,False
2024-10-01,179.65,23.91,1.0,239.53,25.0,1.0,10,4,2024,22,124.22,0.0,41.406666666666666,71.71845043873532,False,True,False,False,False,False,True,False,False
2024-11-01,1137.58,401.23,1.0,239.49,5.0,5.0,11,4,2024,23,179.65,124.22,101.29,91.99385468606042,False,True,False,False,False,False,True,False,False
2024-12-01,321.71,104.98,1.0,84.66,5.0,4.0,12,4,2024,24,1137.58,179.65,480.4833333333333,569.7369070310729,False,True,False,False,False,False,True,False,False
2025-01-01,1117.68,325.33,3.0,188.22000000000003,11.666666666666666,8.0,1,1,2025,25,321.71,1137.58,546.3133333333333,516.954992463883,False,True,False,False,False,False,True,False,False
2025-02-01,0.0,0.0,0.0,55.09,0.0,0.0,2,1,2025,26,1117.68,321.71,858.9900000000001,465.4045028789472,False,True,False,False,False,False,True,False,False
2025-03-01,418.59,154.97,1.0,418.59,0.0,1.0,3,1,2025,27,0.0,1117.68,479.7966666666667,575.3657021697882,False,True,False,False,False,False,True,False,False
2025-04-01,0.0,0.0,0.0,55.09,0.0,0.0,4,2,2025,28,418.59,0.0,512.09,564.6758655193261,False,True,False,False,False,False,True,False,False
2025-05-01,460.13,103.55,4.0,84.55749999999999,5.0,6.0,5,2,2025,29,0.0,418.59,139.53,241.67304918008577,False,True,False,False,False,False,True,False,False
2025-06-01,0.0,0.0,0.0,55.09,0.0,0.0,6,2,2025,30,460.13,0.0,292.9066666666667,254.51351522725355,False,True,False,False,False,False,True,False,False
2025-07-01,432.8,142.03,1.0,75.93,5.0,6.0,7,3,2025,31,0.0,460.13,153.37666666666667,265.6561793622228,False,True,False,False,False,False,True,False,False
2025-08-01,377.92,138.06,1.0,377.92,0.0,1.0,8,3,2025,32,432.8,0.0,297.6433333333334,258.1286455109805,False,True,False,False,False,False,True,False,False
2025-09-01,718.45,201.22,2.0,215.795,12.5,4.0,9,3,2025,33,377.92,432.8,270.24,235.63785094929065,False,True,False,False,False,False,True,False,False
2025-10-01,515.39,140.42,2.0,89.29499999999999,10.0,6.0,10,4,2025,34,718.45,377.92,509.72333333333336,182.83344779698635,False,True,False,False,False,False,True,False,False
2025-11-01,0.0,0.0,0.0,55.09,0.0,0.0,11,4,2025,35,515.39,718.45,537.2533333333334,171.3145476406873,False,True,False,False,False,False,True,False,False
2025-12-01,920.72,238.88,4.0,95.025,6.25,9.0,12,4,2025,36,0.0,515.39,411.28000000000003,370.36707426551845,False,True,False,False,False,False,True,False,False
2023-03-01,437.45,130.86,2.0,72.0,5.0,12.0,3,1,2023,3,5300.34,2277.65,3788.995,2137.3645964247653,False,True,False,False,False,False,False,True,False
2023-04-01,2141.19,791.6800000000001,4.0,249.7,2.5,9.0,4,2,2023,4,437.45,5300.34,2671.813333333333,2455.2898684337324,False,True,False,False,False,False,False,True,False
2023-05-01,1418.41,471.36,4.0,165.7025,10.0,10.0,5,2,2023,5,2141.19,437.45,2626.3266666666664,2467.477046911143,False,True,False,False,False,False,False,True,False
2023-06-01,4499.74,1489.07,6.0,157.15166666666667,10.0,30.0,6,2,2023,6,1418.41,2141.19,1332.3499999999997,855.1241077177052,False,True,False,False,False,False,False,True,False
2023-07-01,0.0,0.0,0.0,55.09,0.0,0.0,7,3,2023,7,4499.74,1418.41,2686.4466666666663,1611.4053700522827,False,True,False,False,False,False,False,True,False
2023-08-01,843.06,275.29999999999995,3.0,112.66333333333334,6.666666666666667,7.0,8,3,2023,8,0.0,4499.74,1972.7166666666665,2300.5123184702434,False,True,False,False,False,False,False,True,False
2023-09-01,2861.7200000000003,759.02,7.0,100.86857142857144,10.0,41.0,9,3,2023,9,843.06,0.0,1780.9333333333332,2391.990762719065,False,True,False,False,False,False,False,True,False
2023-10-01,622.38,170.38,4.0,78.57,10.0,7.0,10,4,2023,10,2861.7200000000003,843.06,1234.9266666666665,1470.5543012528763,False,True,False,False,False,False,False,True,False
2023-11-01,961.94,289.7,3.0,154.74333333333334,8.333333333333334,9.0,11,4,2023,11,622.38,2861.7200000000003,1442.3866666666663,1234.1212456372896,False,True,False,False,False,False,False,True,False
2023-12-01,3502.22,948.96,6.0,185.86666666666667,15.833333333333334,21.0,12,4,2023,12,961.94,622.38,1482.013333333333,1206.8629221802016,False,True,False,False,False,False,False,True,False
2024-01-01,1970.39,694.35,4.0,168.865,7.5,11.0,1,1,2024,13,3502.22,961.94,1695.513333333333,1573.8382963104357,False,True,False,False,False,False,False,True,False
2024-02-01,3815.16,1405.39,5.0,204.846,8.0,15.0,2,1,2024,14,1970.39,3502.22,2144.85,1279.094538452886,False,True,False,False,False,False,False,True,False
2024-03-01,555.27,212.74,1.0,185.09,0.0,3.0,3,1,2024,15,3815.16,1970.39,3095.9233333333336,987.2192381803217,False,True,False,False,False,False,False,True,False
2024-04-01,945.56,331.51,2.0,129.765,7.5,6.0,4,2,2024,16,555.27,3815.16,2113.6066666666666,1634.6571393516545,False,True,False,False,False,False,False,True,False
2024-05-01,3867.33,1458.8,4.0,157.1475,5.0,21.0,5,2,2024,17,945.56,555.27,1771.9966666666662,1780.1597894664776,False,True,False,False,False,False,False,True,False
2024-06-01,868.97,319.86,2.0,222.555,2.5,4.0,6,2,2024,18,3867.33,945.56,1789.3866666666663,1810.1016389786885,False,True,False,False,False,False,False,True,False
2024-07-01,2081.32,664.1899999999999,6.0,140.355,10.0,15.0,7,3,2024,19,868.97,3867.33,1893.9533333333331,1709.4233262809228,False,True,False,False,False,False,False,True,False
2024-08-01,2925.17,826.78,5.0,212.18,10.0,14.0,8,3,2024,20,2081.32,868.97,2272.5399999999995,1508.298540972576,False,True,False,False,False,False,False,True,False
2024-09-01,818.03,240.33,4.0,176.38500000000002,7.5,8.0,9,3,2024,21,2925.17,2081.32,1958.4866666666665,1033.588714544298,False,True,False,False,False,False,False,True,False
2024-10-01,2720.68,860.79,7.0,199.26714285714283,10.0,21.0,10,4,2024,22,818.03,2925.17,1941.5066666666662,1060.5048661054482,False,True,False,False,False,False,False,True,False
2024-11-01,911.36,298.74,3.0,82.06333333333333,5.0,11.0,11,4,2024,23,2720.68,818.03,2154.6266666666666,1162.0335739699324,False,True,False,False,False,False,False,True,False
2024-12-01,3575.3700000000003,1326.11,4.0,164.055,5.0,18.0,12,4,2024,24,911.36,2720.68,1483.3566666666663,1072.5690633396687,False,True,False,False,False,False,False,True,False
2025-01-01,3246.02,1107.1699999999998,6.0,133.32833333333335,8.333333333333334,24.0,1,1,2025,25,3575.3700000000003,911.36,2402.47,1360.2134108661041,False,True,False,False,False,False,False,True,False
2025-02-01,915.54,319.77,4.0,161.3075,2.5,6.0,2,1,2025,26,3246.02,3575.3700000000003,2577.5833333333335,1452.3577393443165,False,True,False,False,False,False,False,True,False
2025-03-01,0.0,0.0,0.0,55.09,0.0,0.0,3,1,2025,27,915.54,3246.02,2578.976666666667,1449.96000414954,False,True,False,False,False,False,False,True,False
2025-04-01,3814.24,1272.92,4.0,124.0575,10.0,36.0,4,2,2025,28,0.0,915.54,1387.1866666666665,1673.6186524215527,False,True,False,False,False,False,False,True,False
2025-05-01,1637.48,448.86,3.0,155.23999999999998,13.333333333333334,12.0,5,2,2025,29,3814.24,0.0,1576.593333333333,1991.1931916650715,False,True,False,False,False,False,False,True,False
2025-06-01,7334.84,1897.51,10.0,169.63299999999998,9.5,44.0,6,2,2025,30,1637.48,3814.24,1817.2399999999998,1913.4633358389704,False,True,False,False,False,False,False,True,False
2025-07-01,1632.53,444.98,5.0,112.554,10.0,17.0,7,3,2025,31,7334.84,1637.48,4262.1866666666665,2874.9730267488303,False,True,False,False,False,False,False,True,False
2025-08-01,1722.89,580.26,5.0,94.306,5.0,22.0,8,3,2025,32,1632.53,7334.84,3534.9500000000003,3290.8022023056933,False,True,False,False,False,False,False,True,False
2025-09-01,1263.49,423.89,2.0,224.26,7.5,8.0,9,3,2025,33,1722.89,1632.53,3563.42,3266.457996775712,False,True,False,False,False,False,False,True,False
2025-10-01,1540.2800000000002,485.73,4.0,111.6375,7.5,24.0,10,4,2025,34,1263.49,1722.89,1539.6366666666665,243.38029610742436,False,True,False,False,False,False,False,True,False
2025-11-01,471.83,74.16,2.0,179.805,15.0,3.0,11,4,2025,35,1540.2800000000002,1263.49,1508.886666666667,231.30336364466828,False,True,False,False,False,False,False,True,False
2025-12-01,0.0,0.0,0.0,55.09,0.0,0.0,12,4,2025,36,471.83,1540.2800000000002,1091.8666666666668,554.5153532891032,False,True,False,False,False,False,False,True,False
2023-03-01,1210.4,423.33,3.0,174.39666666666668,1.6666666666666667,11.0,3,1,2023,3,2085.91,0.0,1042.955,1474.9611059448314,False,True,False,False,False,False,False,False,True
2023-04-01,0.0,0.0,0.0,55.09,0.0,0.0,4,2,2023,4,1210.4,2085.91,1098.77,1047.4259280254619,False,True,False,False,False,False,False,False,True
2023-05-01,371.89,94.84,1.0,145.84,15.0,3.0,5,2,2023,5,0.0,1210.4,1098.77,1047.4259280254619,False,True,False,False,False,False,False,False,True
2023-06-01,0.0,0.0,0.0,55.09,0.0,0.0,6,2,2023,6,371.89,0.0,527.43,620.0093214621859,False,True,False,False,False,False,False,False,True
2023-07-01,16.91,-7.85,1.0,21.14,20.0,1.0,7,3,2023,7,0.0,371.89,123.96333333333332,214.7107916089304,False,True,False,False,False,False,False,False,True
2023-08-01,667.17,199.81,3.0,139.34,6.666666666666667,6.0,8,3,2023,8,16.91,0.0,129.6,209.9995716662303,False,True,False,False,False,False,False,False,True
2023-09-01,999.25,322.32,2.0,271.125,5.0,4.0,9,3,2023,9,667.17,16.91,228.02666666666664,380.40325633902444,False,True,False,False,False,False,False,False,True
2023-10-01,2007.12,435.41,4.0,215.275,18.75,14.0,10,4,2023,10,999.25,667.17,561.11,499.6844120042171,False,True,False,False,False,False,False,False,True
2023-11-01,0.0,0.0,0.0,55.09,0.0,0.0,11,4,2023,11,2007.12,999.25,1224.5133333333333,697.7995253891575,False,True,False,False,False,False,False,False,True
2023-12-01,1093.52,292.63,2.0,228.72,15.0,5.0,12,4,2023,12,0.0,2007.12,1002.1233333333333,1003.563085029204,False,True,False,False,False,False,False,False,True
2024-01-01,222.26,63.57,1.0,246.96,10.0,1.0,1,1,2024,13,1093.52,0.0,1033.5466666666666,1004.9031167895407,False,True,False,False,False,False,False,False,True
2024-02-01,1300.1,415.78,1.0,180.57,10.0,8.0,2,1,2024,14,222.26,1093.52,438.5933333333333,577.9676296587321,False,True,False,False,False,False,False,False,True
2024-03-01,382.35,106.72,3.0,94.99,6.666666666666667,4.0,3,1,2024,15,1300.1,222.26,871.96,572.0589057081447,False,True,False,False,False,False,False,False,True
2024-04-01,2813.8,879.8100000000001,2.0,243.38,15.0,10.0,4,2,2024,16,382.35,1300.1,634.9033333333333,581.6116883568737,False,True,False,False,False,False,False,False,True
2024-05-01,0.0,0.0,0.0,55.09,0.0,0.0,5,2,2024,17,2813.8,382.35,1498.75,1227.8369771675718,False,True,False,False,False,False,False,False,True
2024-06-01,2398.15,658.2,4.0,123.0475,12.5,17.0,6,2,2024,18,0.0,2813.8,1065.3833333333334,1526.1941261953975,False,True,False,False,False,False,False,False,True
2024-07-01,50.0,3.42,1.0,58.82,15.0,1.0,7,3,2024,19,2398.15,0.0,1737.3166666666668,1518.8459865415366,False,True,False,False,False,False,False,False,True
2024-08-01,0.0,0.0,0.0,55.09,0.0,0.0,8,3,2024,20,50.0,2398.15,816.0500000000001,1370.3668514306669,False,True,False,False,False,False,False,False,True
2024-09-01,155.86,27.4,1.0,64.94,20.0,3.0,9,3,2024,21,0.0,50.0,816.0500000000001,1370.3668514306669,False,True,False,False,False,False,False,False,True
2024-10-01,0.0,0.0,0.0,55.09,0.0,0.0,10,4,2024,22,155.86,0.0,68.62,79.58085950779441,False,True,False,False,False,False,False,False,True
2024-11-01,609.75,213.67,2.0,164.70999999999998,10.0,3.0,11,4,2024,23,0.0,155.86,51.95333333333334,89.98581295589123,False,True,False,False,False,False,False,False,True
2024-12-01,1038.67,352.14,2.0,388.06,7.5,3.0,12,4,2024,24,609.75,0.0,255.20333333333335,316.7816109456682,False,True,False,False,False,False,False,False,True
2025-01-01,0.0,0.0,0.0,55.09,0.0,0.0,1,1,2025,25,1038.67,609.75,549.4733333333334,521.9519131427078,False,True,False,False,False,False,False,False,True
2025-02-01,0.0,0.0,0.0,55.09,0.0,0.0,2,1,2025,26,0.0,1038.67,549.4733333333334,521.9519131427078,False,True,False,False,False,False,False,False,True
2025-03-01,0.0,0.0,0.0,55.09,0.0,0.0,3,1,2025,27,0.0,0.0,346.22333333333336,599.6764040991881,False,True,False,False,False,False,False,False,True
2025-04-01,505.47,166.11,2.0,179.55,5.0,3.0,4,2,2025,28,0.0,0.0,0.0,0.0,False,True,False,False,False,False,False,False,True
2025-05-01,0.0,0.0,0.0,55.09,0.0,0.0,5,2,2025,29,505.47,0.0,168.49,291.83324056728014,False,True,False,False,False,False,False,False,True
2025-06-01,0.0,0.0,0.0,55.09,0.0,0.0,6,2,2025,30,0.0,505.47,168.49,291.83324056728014,False,True,False,False,False,False,False,False,True
2025-07-01,970.84,352.07,2.0,120.525,5.0,8.0,7,3,2025,31,0.0,0.0,168.49,291.83324056728014,False,True,False,False,False,False,False,False,True
2025-08-01,0.0,0.0,0.0,55.09,0.0,0.0,8,3,2025,32,970.84,0.0,323.61333333333334,560.5147353400563,False,True,False,False,False,False,False,False,True
2025-09-01,599.91,171.82,2.0,167.815,12.5,4.0,9,3,2025,33,0.0,970.84,323.61333333333334,560.5147353400563,False,True,False,False,False,False,False,False,True
2025-10-01,0.0,0.0,0.0,55.09,0.0,0.0,10,4,2025,34,599.91,0.0,523.5833333333334,489.89988409197787,False,True,False,False,False,False,False,False,True
2025-11-01,356.1,130.79,1.0,178.05,0.0,2.0,11,4,2025,35,0.0,599.91,199.97,346.35819998954844,False,True,False,False,False,False,False,False,True
2025-12-01,718.33,238.34,2.0,139.355,10.0,5.0,12,4,2025,36,356.1,0.0,318.67,301.70143469993644,False,True,False,False,False,False,False,False,True
2023-03-01,184.77,35.459999999999994,5.0,14.65,8.0,13.0,3,1,2023,3,213.01,118.01,165.51,67.175144212722,False,False,True,False,True,False,False,False,False
2023-04-01,152.01,15.47,5.0,10.736,6.0,15.0,4,2,2023,4,184.77,213.01,171.92999999999998,48.78421056038521,False,False,True,False,True,False,False,False,False
2023-05-01,127.28,-12.409999999999998,5.0,9.54,13.0,19.0,5,2,2023,5,152.01,184.77,183.26333333333332,30.527897623867485,False,False,True,False,True,False,False,False,False
2023-06-01,56.53,-14.6,3.0,8.183333333333334,10.0,9.0,6,2,2023,6,127.28,152.01,154.68666666666667,28.83831536919826,False,False,True,False,True,False,False,False,False
2023-07-01,126.7,12.9,4.0,12.32,6.25,12.0,7,3,2023,7,56.53,127.28,111.93999999999998,49.55395342452513,False,False,True,False,True,False,False,False,False
2023-08-01,291.65,68.58,5.0,15.424,9.0,21.0,8,3,2023,8,126.7,56.53,103.50333333333333,40.68113362891133,False,False,True,False,True,False,False,False,False
2023-09-01,83.22,-16.88,5.0,8.472,7.0,12.0,9,3,2023,9,291.65,126.7,158.29333333333332,120.70193715650687,False,False,True,False,True,False,False,False,False
2023-10-01,26.53,-5.51,2.0,13.965,5.0,2.0,10,4,2023,10,83.22,291.65,167.19000000000003,109.95611078971463,False,False,True,False,True,False,False,False,False
2023-11-01,152.18,7.01,5.0,11.384,6.0,16.0,11,4,2023,11,26.53,83.22,133.79999999999998,139.60983453897506,False,False,True,False,True,False,False,False,False
2023-12-01,103.0,6.110000000000001,3.0,12.153333333333334,10.0,9.0,12,4,2023,12,152.18,26.53,87.31,62.924770162472626,False,False,True,False,True,False,False,False,False
2024-01-01,139.65,-0.0099999999999997,5.0,13.466,15.0,13.0,1,1,2024,13,103.0,152.18,93.90333333333335,63.31700113976765,False,False,True,False,True,False,False,False,False
2024-02-01,13.22,-3.08,1.0,13.92,5.0,1.0,2,1,2024,14,139.65,103.0,131.61,25.556785791644472,False,False,True,False,True,False,False,False,False
2024-03-01,67.69,-12.44,4.0,7.7475,8.75,11.0,3,1,2024,15,13.22,139.65,85.29,65.04897616411812,False,False,True,False,True,False,False,False,False
2024-04-01,180.93,24.65,5.0,13.472,11.0,15.0,4,2,2024,16,67.69,13.22,73.52,63.41630626266409,False,False,True,False,True,False,False,False,False
2024-05-01,297.65,73.21,6.0,10.883333333333333,5.0,23.0,5,2,2024,17,180.93,67.69,87.28000000000002,85.55400107534426,False,False,True,False,True,False,False,False,False
2024-06-01,65.67,-3.1,3.0,12.32,11.666666666666666,6.0,6,2,2024,18,297.65,180.93,182.09,114.98438850557055,False,False,True,False,True,False,False,False,False
2024-07-01,58.34,0.79,2.0,13.065,5.0,5.0,7,3,2024,19,65.67,297.65,181.41666666666666,115.99076572440289,False,False,True,False,True,False,False,False,False
2024-08-01,167.18,5.289999999999999,6.0,10.665,7.5,17.0,8,3,2024,20,58.34,65.67,140.5533333333333,136.09906036903166,False,False,True,False,True,False,False,False,False
2024-09-01,239.04,38.29,6.0,12.858333333333334,10.0,22.0,9,3,2024,21,167.18,58.34,97.06333333333333,60.83331680365078,False,False,True,False,True,False,False,False,False
2024-10-01,305.49,58.86,6.0,12.501666666666669,10.0,32.0,10,4,2024,22,239.04,167.18,154.85333333333332,90.97847291163623,False,False,True,False,True,False,False,False,False
2024-11-01,182.0,50.6,3.0,10.4,3.333333333333333,21.0,11,4,2024,23,305.49,239.04,237.23666666666668,69.17263211222563,False,False,True,False,True,False,False,False,False
2024-12-01,266.09000000000003,5.570000000000002,7.0,10.912857142857144,14.285714285714286,33.0,12,4,2024,24,182.0,305.49,242.17666666666665,61.80472500815213,False,False,True,False,True,False,False,False,False
2025-01-01,129.09,33.88,2.0,10.24,15.0,13.0,1,1,2025,25,266.09000000000003,182.0,251.1933333333333,63.07834837195172,False,False,True,False,True,False,False,False,False
2025-02-01,17.740000000000002,-12.54,2.0,9.175,10.0,2.0,2,1,2025,26,129.09,266.09000000000003,192.39333333333332,69.08882712373486,False,False,True,False,True,False,False,False,False
2025-03-01,174.1,26.74,3.0,15.486666666666665,18.33333333333333,15.0,3,1,2025,27,17.740000000000002,129.09,137.64,124.39556865097728,False,False,True,False,True,False,False,False,False
2025-04-01,307.46,70.58,5.0,16.381999999999998,11.0,24.0,4,2,2025,28,174.1,17.740000000000002,106.97666666666665,80.49137862736195,False,False,True,False,True,False,False,False,False
2025-05-01,563.0,119.28,9.0,14.30888888888889,7.777777777777778,38.0,5,2,2025,29,307.46,174.1,166.4333333333333,145.01207857738376,False,False,True,False,True,False,False,False,False
2025-06-01,134.89999999999998,29.08,3.0,11.836666666666666,3.333333333333333,11.0,6,2,2025,30,563.0,307.46,348.18666666666667,197.6228694593146,False,False,True,False,True,False,False,False,False
2025-07-01,262.3,68.99,3.0,16.236666666666668,10.0,19.0,7,3,2025,31,134.89999999999998,563.0,335.11999999999995,215.38618618657966,False,False,True,False,True,False,False,False,False
2025-08-01,69.86,10.45,2.0,18.915,12.5,4.0,8,3,2025,32,262.3,134.89999999999998,320.06666666666666,219.81843265143462,False,False,True,False,True,False,False,False,False
2025-09-01,119.36,18.11,2.0,11.09,12.5,12.0,9,3,2025,33,69.86,262.3,155.68666666666667,97.8894914346444,False,False,True,False,True,False,False,False,False
2025-10-01,131.89,14.81,4.0,15.955,12.5,10.0,10,4,2025,34,119.36,69.86,150.50666666666666,99.92934770793474,False,False,True,False,True,False,False,False,False
2025-11-01,191.68,24.790000000000003,5.0,10.904,9.0,17.0,11,4,2025,35,131.89,119.36,107.03666666666668,32.79982672718449,False,False,True,False,True,False,False,False,False
2025-12-01,363.37,105.44,6.0,14.953333333333331,6.666666666666667,25.0,12,4,2025,36,191.68,131.89,147.64333333333332,38.648043072493614,False,False,True,False,True,False,False,False,False
2023-03-01,82.24000000000001,8.95,3.0,11.543333333333331,11.666666666666666,8.0,3,1,2023,3,56.540000000000006,222.55,139.54500000000002,117.38679674477875,False,False,True,False,False,True,False,False,False
2023-04-01,0.0,0.0,0.0,55.09,0.0,0.0,4,2,2023,4,82.24000000000001,56.540000000000006,120.44333333333334,89.35575545723584,False,False,True,False,False,True,False,False,False
2023-05-01,24.32,-4.84,1.0,11.58,30.0,3.0,5,2,2023,5,0.0,82.24000000000001,46.26000000000001,42.0727132474244,False,False,True,False,False,True,False,False,False
2023-06-01,93.27,-11.53,6.0,10.301666666666668,9.166666666666666,11.0,6,2,2023,6,24.32,0.0,35.52,42.24848399647023,False,False,True,False,False,True,False,False,False
2023-07-01,23.8,3.38,1.0,11.9,0.0,2.0,7,3,2023,7,93.27,24.32,39.196666666666665,48.38191432067703,False,False,True,False,False,True,False,False,False
2023-08-01,179.89,32.85,3.0,8.893333333333333,13.333333333333334,22.0,8,3,2023,8,23.8,93.27,47.13,39.959258001119096,False,False,True,False,False,True,False,False,False
2023-09-01,126.12,31.19,3.0,11.24,10.0,11.0,9,3,2023,9,179.89,23.8,98.98666666666668,78.20186847725144,False,False,True,False,False,True,False,False,False
2023-10-01,116.82,33.27,3.0,19.866666666666664,13.333333333333334,6.0,10,4,2023,10,126.12,179.89,109.93666666666667,79.29342490606224,False,False,True,False,False,True,False,False,False
2023-11-01,45.33,-9.04,3.0,11.106666666666667,11.666666666666666,5.0,11,4,2023,11,116.82,126.12,140.94333333333333,34.047828614073644,False,False,True,False,False,True,False,False,False
2023-12-01,0.0,0.0,0.0,55.09,0.0,0.0,12,4,2023,12,45.33,116.82,96.08999999999999,44.2047022385628,False,False,True,False,False,True,False,False,False
2024-01-01,63.99,6.33,3.0,16.903333333333332,5.0,4.0,1,1,2024,13,0.0,45.33,54.04999999999999,58.89615352465727,False,False,True,False,False,True,False,False,False
2024-02-01,22.950000000000003,-3.17,2.0,11.475,0.0,2.0,2,1,2024,14,63.99,0.0,36.44,32.90826795806792,False,False,True,False,False,True,False,False,False
2024-03-01,83.49,0.639999999999999,4.0,10.8425,6.25,9.0,3,1,2024,15,22.950000000000003,63.99,28.98,32.41836979244946,False,False,True,False,False,True,False,False,False
2024-04-01,181.68,19.95,7.0,11.001428571428573,8.571428571428571,18.0,4,2,2024,16,83.49,22.950000000000003,56.81,30.902058183881532,False,False,True,False,False,True,False,False,False
2024-05-01,26.97,4.96,1.0,9.99,10.0,3.0,5,2,2024,17,181.68,83.49,96.04,80.10574323979525,False,False,True,False,False,True,False,False,False
2024-06-01,58.79,-4.640000000000001,3.0,11.046666666666669,6.666666666666667,6.0,6,2,2024,18,26.97,181.68,97.38,78.28470540277968,False,False,True,False,False,True,False,False,False
2024-07-01,152.07,28.74,4.0,13.6425,2.5,13.0,7,3,2024,19,58.79,26.97,89.14666666666666,81.7003147688755,False,False,True,False,False,True,False,False,False
2024-08-01,173.28,54.64,2.0,14.15,12.5,14.0,8,3,2024,20,152.07,58.79,79.27666666666666,65.01753712140544,False,False,True,False,False,True,False,False,False
2024-09-01,193.73,46.93,5.0,14.64,5.0,13.0,9,3,2024,21,173.28,152.07,128.04666666666665,60.90837736578882,False,False,True,False,False,True,False,False,False
2024-10-01,156.43,43.22,3.0,13.476666666666668,8.333333333333334,12.0,10,4,2024,22,193.73,173.28,173.02666666666664,20.831155352820364,False,False,True,False,False,True,False,False,False
2024-11-01,169.27,42.42,5.0,13.85,3.0,11.0,11,4,2024,23,156.43,193.73,174.48000000000002,18.678931982316417,False,False,True,False,False,True,False,False,False
2024-12-01,33.63,-8.59,2.0,6.12,5.0,6.0,12,4,2024,24,169.27,156.43,173.14333333333335,18.94926207886039,False,False,True,False,False,True,False,False,False
2025-01-01,63.39,8.89,2.0,9.275,2.5,7.0,1,1,2025,25,33.63,169.27,119.77666666666666,74.88092235899164,False,False,True,False,False,True,False,False,False
2025-02-01,12.93,-1.83,1.0,12.93,0.0,1.0,2,1,2025,26,63.39,33.63,88.76333333333334,71.29100176974181,False,False,True,False,False,True,False,False,False
2025-03-01,154.62,40.11,3.0,13.706666666666663,6.666666666666667,11.0,3,1,2025,27,12.93,63.39,36.65,25.3651966284512,False,False,True,False,False,True,False,False,False
2025-04-01,121.03,20.49,4.0,11.965,10.0,10.0,4,2,2025,28,154.62,12.93,76.98,71.81594600087085,False,False,True,False,False,True,False,False,False
2025-05-01,65.59,14.6,1.0,12.86,15.0,6.0,5,2,2025,29,121.03,154.62,96.19333333333334,74.03822683812284,False,False,True,False,False,True,False,False,False
2025-06-01,185.45,23.700000000000003,6.0,13.378333333333332,8.333333333333334,17.0,6,2,2025,30,65.59,121.03,113.74666666666667,44.95965339427491,False,False,True,False,False,True,False,False,False
2025-07-01,146.95,40.23,2.0,19.795,10.0,9.0,7,3,2025,31,185.45,65.59,124.02333333333333,59.98603948697842,False,False,True,False,False,True,False,False,False
2025-08-01,42.69,9.88,1.0,15.81,10.0,3.0,8,3,2025,32,146.95,185.45,132.66333333333333,61.193843916960596,False,False,True,False,False,True,False,False,False
2025-09-01,251.19,46.56,6.0,10.388333333333334,3.333333333333333,28.0,9,3,2025,33,42.69,146.95,125.02999999999997,73.86114810913786,False,False,True,False,False,True,False,False,False
2025-10-01,229.9,68.34,5.0,12.77,7.0,18.0,10,4,2025,34,251.19,42.69,146.94333333333333,104.25000015987212,False,False,True,False,False,True,False,False,False
2025-11-01,119.3,21.29,3.0,11.926666666666668,3.333333333333333,12.0,11,4,2025,35,229.9,251.19,174.59333333333333,114.72655766357387,False,False,True,False,False,True,False,False,False
2025-12-01,22.64,-2.84,1.0,6.29,10.0,4.0,12,4,2025,36,119.3,229.9,200.13,70.80559794253568,False,False,True,False,False,True,False,False,False
2023-03-01,90.68,35.55,1.0,22.67,0.0,4.0,3,1,2023,3,0.0,105.69,52.845,74.73411570360621,False,False,True,False,False,False,True,False,False
2023-04-01,9.08,-8.78,1.0,4.54,0.0,2.0,4,2,2023,4,90.68,0.0,65.45666666666666,57.18178410414748,False,False,True,False,False,False,True,False,False
2023-05-01,0.0,0.0,0.0,55.09,0.0,0.0,5,2,2023,5,9.08,90.68,33.25333333333334,49.93974502671527,False,False,True,False,False,False,True,False,False
2023-06-01,94.45,12.75,2.0,21.22,12.5,5.0,6,2,2023,6,0.0,9.08,33.25333333333334,49.93974502671527,False,False,True,False,False,False,True,False,False
2023-07-01,38.92,-10.15,2.0,11.18,5.0,4.0,7,3,2023,7,94.45,0.0,34.51,52.107718238280206,False,False,True,False,False,False,True,False,False
2023-08-01,88.95,-13.91,3.0,8.013333333333334,6.666666666666667,12.0,8,3,2023,8,38.92,94.45,44.45666666666667,47.467795749679944,False,False,True,False,False,False,True,False,False
2023-09-01,0.0,0.0,0.0,55.09,0.0,0.0,9,3,2023,9,88.95,38.92,74.10666666666667,30.596382683796694,False,False,True,False,False,False,True,False,False
2023-10-01,83.54,-9.92,3.0,13.35,18.33333333333333,8.0,10,4,2023,10,0.0,88.95,42.623333333333335,44.590488148632474,False,False,True,False,False,False,True,False,False
2023-11-01,85.33,22.61,1.0,14.97,5.0,6.0,11,4,2023,11,83.54,0.0,57.49666666666667,49.866993425845656,False,False,True,False,False,False,True,False,False
2023-12-01,120.46,34.01,1.0,11.81,15.0,12.0,12,4,2023,12,85.33,83.54,56.29,48.756785168835734,False,False,True,False,False,False,True,False,False
2024-01-01,0.0,0.0,0.0,55.09,0.0,0.0,1,1,2024,13,120.46,85.33,96.44333333333333,20.81829083602531,False,False,True,False,False,False,True,False,False
2024-02-01,40.29,-10.17,2.0,17.035,15.0,3.0,2,1,2024,14,0.0,120.46,68.59666666666665,61.94881946682546,False,False,True,False,False,False,True,False,False
2024-03-01,10.33,-6.49,1.0,10.33,0.0,1.0,3,1,2024,15,40.29,0.0,53.583333333333336,61.32036719829173,False,False,True,False,False,False,True,False,False
2024-04-01,53.8,-12.99,3.0,11.266666666666666,6.666666666666667,5.0,4,2,2024,16,10.33,40.29,16.87333333333333,20.926835244090988,False,False,True,False,False,False,True,False,False
2024-05-01,87.14,1.08,3.0,11.246666666666668,6.666666666666667,9.0,5,2,2024,17,53.8,10.33,34.806666666666665,22.24770624880979,False,False,True,False,False,False,True,False,False
2024-06-01,0.0,0.0,0.0,55.09,0.0,0.0,6,2,2024,18,87.14,53.8,50.42333333333334,38.51617106272808,False,False,True,False,False,False,True,False,False
2024-07-01,0.0,0.0,0.0,55.09,0.0,0.0,7,3,2024,19,0.0,87.14,46.98,43.968502362486696,False,False,True,False,False,False,True,False,False
2024-08-01,0.0,0.0,0.0,55.09,0.0,0.0,8,3,2024,20,0.0,0.0,29.04666666666667,50.31030245718396,False,False,True,False,False,False,True,False,False
2024-09-01,0.0,0.0,0.0,55.09,0.0,0.0,9,3,2024,21,0.0,0.0,0.0,0.0,False,False,True,False,False,False,True,False,False
2024-10-01,123.74,-3.870000000000001,5.0,11.388,5.0,11.0,10,4,2024,22,0.0,0.0,0.0,0.0,False,False,True,False,False,False,True,False,False
2024-11-01,0.0,0.0,0.0,55.09,0.0,0.0,11,4,2024,23,123.74,0.0,41.24666666666666,71.4413223095243,False,False,True,False,False,False,True,False,False
2024-12-01,128.97,32.49,2.0,17.740000000000002,10.0,7.0,12,4,2024,24,0.0,123.74,41.24666666666666,71.4413223095243,False,False,True,False,False,False,True,False,False
2025-01-01,0.0,0.0,0.0,55.09,0.0,0.0,1,1,2025,25,128.97,0.0,84.23666666666666,72.99794677477809,False,False,True,False,False,False,True,False,False
2025-02-01,95.61,21.58,1.0,14.06,15.0,8.0,2,1,2025,26,0.0,128.97,42.99,74.46086421738605,False,False,True,False,False,False,True,False,False
2025-03-01,0.0,0.0,0.0,55.09,0.0,0.0,3,1,2025,27,95.61,0.0,74.86000000000001,66.94204284304448,False,False,True,False,False,False,True,False,False
2025-04-01,267.5,51.14,5.0,15.618,10.0,18.0,4,2,2025,28,0.0,95.61,31.87,55.200459237220116,False,False,True,False,False,False,True,False,False
2025-05-01,45.49,-2.04,1.0,7.22,10.0,7.0,5,2,2025,29,267.5,0.0,121.03666666666668,135.55054051287783,False,False,True,False,False,False,True,False,False
2025-06-01,73.72,4.8,2.0,16.805,15.0,5.0,6,2,2025,30,45.49,267.5,104.33,143.12816529250978,False,False,True,False,False,False,True,False,False
2025-07-01,0.0,0.0,0.0,55.09,0.0,0.0,7,3,2025,31,73.72,45.49,128.90333333333334,120.85532769941645,False,False,True,False,False,False,True,False,False
2025-08-01,14.45,-5.02,1.0,15.21,5.0,1.0,8,3,2025,32,0.0,73.72,39.73666666666667,37.1952313251757,False,False,True,False,False,False,True,False,False
2025-09-01,68.1,4.24,2.0,9.365,7.5,9.0,9,3,2025,33,14.45,0.0,29.39,39.06484736947013,False,False,True,False,False,False,True,False,False
2025-10-01,45.29,5.56,1.0,17.76,15.0,3.0,10,4,2025,34,68.1,14.45,27.516666666666666,35.881134783244114,False,False,True,False,False,False,True,False,False
2025-11-01,0.0,0.0,0.0,55.09,0.0,0.0,11,4,2025,35,45.29,68.1,42.61333333333334,26.924970442571183,False,False,True,False,False,False,True,False,False
2025-12-01,23.87,-3.28,1.0,13.26,10.0,2.0,12,4,2025,36,0.0,45.29,37.79666666666666,34.66287687618169,False,False,True,False,False,False,True,False,False
2023-03-01,281.89,88.19,6.0,10.17,4.166666666666667,22.0,3,1,2023,3,58.02,113.16,85.59,38.98986791462623,False,False,True,False,False,False,False,True,False
2023-04-01,169.53,54.120000000000005,4.0,14.0,6.25,12.0,4,2,2023,4,281.89,58.02,151.02333333333334,116.63905106495565,False,False,True,False,False,False,False,True,False
2023-05-01,141.16000000000005,29.67,5.0,12.572,9.0,13.0,5,2,2023,5,169.53,281.89,169.8133333333333,111.93526894296245,False,False,True,False,False,False,False,True,False
2023-06-01,296.1,116.13,3.0,16.356666666666666,6.666666666666667,16.0,6,2,2023,6,141.16000000000005,169.53,197.52666666666667,74.42508470491205,False,False,True,False,False,False,False,True,False
2023-07-01,175.93,42.6,6.0,13.648333333333332,9.166666666666666,13.0,7,3,2023,7,296.1,141.16000000000005,202.26333333333335,82.49366177672887,False,False,True,False,False,False,False,True,False
2023-08-01,165.0,36.67,5.0,12.912,9.0,14.0,8,3,2023,8,175.93,296.1,204.39666666666668,81.2979964902785,False,False,True,False,False,False,False,True,False
2023-09-01,146.01,40.13,4.0,13.45,13.75,11.0,9,3,2023,9,165.0,175.93,212.34333333333333,72.7409831754654,False,False,True,False,False,False,False,True,False
2023-10-01,46.45,8.8,2.0,13.675,2.5,5.0,10,4,2023,10,146.01,165.0,162.31333333333333,15.139855789713994,False,False,True,False,False,False,False,True,False
2023-11-01,79.17,17.96,2.0,9.535,10.0,10.0,11,4,2023,11,46.45,146.01,119.15333333333332,63.67484615869387,False,False,True,False,False,False,False,True,False
2023-12-01,414.3,99.84,13.0,12.783846153846154,7.6923076923076925,36.0,12,4,2023,12,79.17,46.45,90.54333333333334,50.74507792223131,False,False,True,False,False,False,False,True,False
2024-01-01,292.02,78.88,5.0,11.580000000000002,5.0,27.0,1,1,2024,13,414.3,79.17,179.97333333333336,203.59123172016356,False,False,True,False,False,False,False,True,False
2024-02-01,64.6,11.66,2.0,12.835,10.0,6.0,2,1,2024,14,292.02,414.3,261.83,169.59247123619613,False,False,True,False,False,False,False,True,False
2024-03-01,343.16,131.59,4.0,15.9275,7.5,22.0,3,1,2024,15,64.6,292.02,256.9733333333333,177.4647123608898,False,False,True,False,False,False,False,True,False
2024-04-01,209.4,51.32,5.0,13.56,13.0,18.0,4,2,2024,16,343.16,64.6,233.26,148.28510242097826,False,False,True,False,False,False,False,True,False
2024-05-01,75.43,7.34,3.0,13.933333333333332,8.333333333333334,7.0,5,2,2024,17,209.4,343.16,205.72,139.3164570321827,False,False,True,False,False,False,False,True,False
2024-06-01,167.03,52.2,3.0,9.08,1.6666666666666667,15.0,6,2,2024,18,75.43,209.4,209.33,133.86501372651486,False,False,True,False,False,False,False,True,False
2024-07-01,269.57,94.02,4.0,14.8475,12.5,21.0,7,3,2024,19,167.03,75.43,150.62,68.47595417370981,False,False,True,False,False,False,False,True,False
2024-08-01,273.31,71.31,7.0,12.55714285714286,7.142857142857143,22.0,8,3,2024,20,269.57,167.03,170.67666666666665,97.12135982024417,False,False,True,False,False,False,False,True,False
2024-09-01,240.08,69.97,4.0,11.515,10.0,22.0,9,3,2024,21,273.31,269.57,236.63666666666668,60.310139556573276,False,False,True,False,False,False,False,True,False
2024-10-01,118.61,2.3199999999999994,5.0,9.605999999999998,14.0,17.0,10,4,2024,22,240.08,273.31,260.9866666666667,18.20201728746974,False,False,True,False,False,False,False,True,False
2024-11-01,174.55,23.55,7.0,9.327142857142857,7.142857142857143,19.0,11,4,2024,23,118.61,240.08,210.66666666666666,81.43635940618503,False,False,True,False,False,False,False,True,False
2024-12-01,159.96,32.43,4.0,10.9125,8.75,17.0,12,4,2024,24,174.55,118.61,177.74666666666667,60.79806109847037,False,False,True,False,False,False,False,True,False
2025-01-01,159.0,46.07,4.0,15.325,7.5,12.0,1,1,2025,25,159.96,174.55,151.04,29.017162163106168,False,False,True,False,False,False,False,True,False
2025-02-01,87.76,9.07,4.0,13.225,11.25,8.0,2,1,2025,26,159.0,159.96,164.50333333333333,8.713898859485072,False,False,True,False,False,False,False,True,False
2025-03-01,198.5,49.05,5.0,12.36,11.0,18.0,3,1,2025,27,87.76,159.0,135.57333333333335,41.41034331339615,False,False,True,False,False,False,False,True,False
2025-04-01,67.25,4.19,4.0,12.4625,5.0,6.0,4,2,2025,28,198.5,87.76,148.42,56.122982814529735,False,False,True,False,False,False,False,True,False
2025-05-01,100.75,11.45,5.0,8.758,8.0,14.0,5,2,2025,29,67.25,198.5,117.83666666666666,70.6052054266067,False,False,True,False,False,False,False,True,False
2025-06-01,71.58,-6.390000000000001,6.0,8.398333333333333,11.666666666666666,9.0,6,2,2025,30,100.75,67.25,122.16666666666667,68.19564380027022,False,False,True,False,False,False,False,True,False
2025-07-01,11.55,-0.5,1.0,12.16,5.0,1.0,7,3,2025,31,71.58,100.75,79.86000000000001,18.22035400314714,False,False,True,False,False,False,False,True,False
2025-08-01,27.0,0.4999999999999999,2.0,10.53,10.0,3.0,8,3,2025,32,11.55,71.58,61.293333333333344,45.4810029939241,False,False,True,False,False,False,False,True,False
2025-09-01,133.01,36.87,3.0,9.426666666666668,5.0,13.0,9,3,2025,33,27.0,11.55,36.71000000000001,31.170712215154772,False,False,True,False,False,False,False,True,False
2025-10-01,119.52,19.12,4.0,9.98,3.75,14.0,10,4,2025,34,133.01,27.0,57.18666666666667,66.11776639703834,False,False,True,False,False,False,False,True,False
2025-11-01,226.63,38.71,8.0,12.7975,8.75,19.0,11,4,2025,35,119.52,133.01,93.17666666666666,57.70622525632163,False,False,True,False,False,False,False,True,False
2025-12-01,160.18,22.07,6.0,12.813333333333333,10.0,15.0,12,4,2025,36,226.63,119.52,159.72,58.33700455114232,False,False,True,False,False,False,False,True,False
2023-03-01,0.0,0.0,0.0,55.09,0.0,0.0,3,1,2023,3,69.46,37.16,53.309999999999995,22.839549032325483,False,False,True,False,False,False,False,False,True
2023-04-01,0.0,0.0,0.0,55.09,0.0,0.0,4,2,2023,4,0.0,69.46,35.54,34.75832562135293,False,False,True,False,False,False,False,False,True
2023-05-01,0.0,0.0,0.0,55.09,0.0,0.0,5,2,2023,5,0.0,0.0,23.153333333333332,40.1027496979114,False,False,True,False,False,False,False,False,True
2023-06-01,0.0,0.0,0.0,55.09,0.0,0.0,6,2,2023,6,0.0,0.0,0.0,0.0,False,False,True,False,False,False,False,False,True
2023-07-01,25.26,-13.95,2.0,11.465,2.5,3.0,7,3,2023,7,0.0,0.0,0.0,0.0,False,False,True,False,False,False,False,False,True
2023-08-01,85.08,-6.42,3.0,10.446666666666667,13.333333333333334,11.0,8,3,2023,8,25.26,0.0,8.42,14.58386779972995,False,False,True,False,False,False,False,False,True
2023-09-01,0.0,0.0,0.0,55.09,0.0,0.0,9,3,2023,9,85.08,25.26,36.78,43.69421472002902,False,False,True,False,False,False,False,False,True
2023-10-01,218.96,39.03,4.0,14.655,7.5,16.0,10,4,2023,10,0.0,85.08,36.78,43.69421472002902,False,False,True,False,False,False,False,False,True
2023-11-01,88.03999999999999,6.239999999999998,3.0,13.376666666666669,8.333333333333334,6.0,11,4,2023,11,218.96,0.0,101.34666666666668,110.38262423648631,False,False,True,False,False,False,False,False,True
2023-12-01,114.88,0.7399999999999984,4.0,8.965,3.75,13.0,12,4,2023,12,88.03999999999999,218.96,102.33333333333333,110.17756093385502,False,False,True,False,False,False,False,False,True
2024-01-01,102.81,31.98,2.0,16.545,0.0,6.0,1,1,2024,13,114.88,88.03999999999999,140.62666666666667,69.15330601882556,False,False,True,False,False,False,False,False,True
2024-02-01,0.0,0.0,0.0,55.09,0.0,0.0,2,1,2024,14,102.81,114.88,101.90999999999998,13.44261507296855,False,False,True,False,False,False,False,False,True
2024-03-01,0.0,0.0,0.0,55.09,0.0,0.0,3,1,2024,15,0.0,102.81,72.56333333333332,63.130810491655616,False,False,True,False,False,False,False,False,True
2024-04-01,0.0,0.0,0.0,55.09,0.0,0.0,4,2,2024,16,0.0,0.0,34.26999999999999,59.35738117538544,False,False,True,False,False,False,False,False,True
2024-05-01,111.89,7.629999999999999,3.0,12.03,10.0,10.0,5,2,2024,17,0.0,0.0,0.0,0.0,False,False,True,False,False,False,False,False,True
2024-06-01,0.0,0.0,0.0,55.09,0.0,0.0,6,2,2024,18,111.89,0.0,37.29666666666666,64.59972161962723,False,False,True,False,False,False,False,False,True
2024-07-01,0.0,0.0,0.0,55.09,0.0,0.0,7,3,2024,19,0.0,111.89,37.29666666666666,64.59972161962723,False,False,True,False,False,False,False,False,True
2024-08-01,65.28,3.17,1.0,9.6,15.0,8.0,8,3,2024,20,0.0,0.0,37.29666666666666,64.59972161962723,False,False,True,False,False,False,False,False,True
2024-09-01,115.77,11.61,3.0,13.526666666666666,13.333333333333334,10.0,9,3,2024,21,65.28,0.0,21.75999999999999,37.68942557269877,False,False,True,False,False,False,False,False,True
2024-10-01,96.31,22.56,1.0,11.89,10.0,9.0,10,4,2024,22,115.77,65.28,60.34999999999999,58.04224237570426,False,False,True,False,False,False,False,False,True
2024-11-01,96.15,17.62,1.0,17.17,20.0,7.0,11,4,2024,23,96.31,115.77,92.45333333333332,25.464984455784254,False,False,True,False,False,False,False,False,True
2024-12-01,91.37,26.14,1.0,13.74,5.0,7.0,12,4,2024,24,96.15,96.31,102.74333333333333,11.281707908527578,False,False,True,False,False,False,False,False,True
2025-01-01,31.64,-10.17,2.0,9.11,15.0,4.0,1,1,2025,25,91.37,96.15,94.61,2.807062521569523,False,False,True,False,False,False,False,False,True
2025-02-01,0.0,0.0,0.0,55.09,0.0,0.0,2,1,2025,26,31.64,91.37,73.05333333333333,35.94454386041549,False,False,True,False,False,False,False,False,True
2025-03-01,0.0,0.0,0.0,55.09,0.0,0.0,3,1,2025,27,0.0,31.64,41.00333333333332,46.399065004947374,False,False,True,False,False,False,False,False,True
2025-04-01,32.52,-7.03,2.0,11.095,12.5,3.0,4,2,2025,28,0.0,0.0,10.546666666666658,18.267362517159714,False,False,True,False,False,False,False,False,True
2025-05-01,164.72,26.6,4.0,10.555,11.25,13.0,5,2,2025,29,32.52,0.0,10.839999999999991,18.77543075404663,False,False,True,False,False,False,False,False,True
2025-06-01,0.0,0.0,0.0,55.09,0.0,0.0,6,2,2025,30,164.72,32.52,65.74666666666666,87.24206630595893,False,False,True,False,False,False,False,False,True
2025-07-01,60.28,-8.58,2.0,6.404999999999999,10.0,11.0,7,3,2025,31,0.0,164.72,65.74666666666666,87.24206630595893,False,False,True,False,False,False,False,False,True
2025-08-01,8.78,-7.12,1.0,8.78,0.0,1.0,8,3,2025,32,60.28,0.0,74.99999999999999,83.34073673780428,False,False,True,False,False,False,False,False,True
2025-09-01,132.92,39.67,2.0,17.285,12.5,8.0,9,3,2025,33,8.78,60.28,23.019999999999992,32.56536196635929,False,False,True,False,False,False,False,False,True
2025-10-01,23.380000000000003,-11.74,2.0,14.035,15.0,2.0,10,4,2025,34,132.92,8.78,67.32666666666665,62.36927555562381,False,False,True,False,False,False,False,False,True
2025-11-01,177.76,32.56,3.0,10.07,6.666666666666667,18.0,11,4,2025,35,23.380000000000003,132.92,55.02666666666665,67.85144459282597,False,False,True,False,False,False,False,False,True
2025-12-01,22.39,-0.55,1.0,12.44,10.0,2.0,12,4,2025,36,177.76,23.380000000000003,111.35333333333331,79.41748506049115,False,False,True,False,False,False,False,False,True
2023-03-01,1405.11,558.34,4.0,154.45749999999998,3.75,9.0,3,1,2023,3,857.26,99.69,478.475,535.6828842234928,False,False,False,True,True,False,False,False,False
2023-04-01,529.7,143.14,4.0,39.785,10.0,16.0,4,2,2023,4,1405.11,857.26,787.3533333333334,655.511670859744,False,False,False,True,True,False,False,False,False
2023-05-01,1440.3200000000002,534.4,4.0,74.175,10.0,22.0,5,2,2023,5,529.7,1405.11,930.6899999999999,442.3003964501954,False,False,False,True,True,False,False,False,False
2023-06-01,1059.09,336.84,4.0,44.855,10.0,27.0,6,2,2023,6,1440.3200000000002,529.7,1125.0433333333333,515.8829319073596,False,False,False,True,True,False,False,False,False
2023-07-01,1830.88,631.46,6.0,86.815,9.166666666666666,20.0,7,3,2023,7,1059.09,1440.3200000000002,1009.7033333333334,457.31441944611095,False,False,False,True,True,False,False,False,False
2023-08-01,1064.69,350.56,5.0,62.71999999999999,8.0,16.0,8,3,2023,8,1830.88,1059.09,1443.43,385.9043989124771,False,False,False,True,True,False,False,False,False
2023-09-01,713.83,246.27,5.0,98.896,5.0,10.0,9,3,2023,9,1064.69,1830.88,1318.22,443.98541271082354,False,False,False,True,True,False,False,False,False
2023-10-01,1233.96,459.73,5.0,71.02000000000001,7.0,21.0,10,4,2023,10,713.83,1064.69,1203.1333333333334,571.2487138132861,False,False,False,True,True,False,False,False,False
2023-11-01,762.9100000000001,286.77,4.0,41.08,5.0,16.0,11,4,2023,11,1233.96,713.83,1004.16,265.2955237089392,False,False,False,True,True,False,False,False,False
2023-12-01,2172.02,756.1,9.0,69.88333333333334,10.0,33.0,12,4,2023,12,762.9100000000001,1233.96,903.5666666666666,287.17943455848933,False,False,False,True,True,False,False,False,False
2024-01-01,398.66,141.24,2.0,44.825,10.0,9.0,1,1,2024,13,2172.02,762.9100000000001,1389.63,717.3371659826363,False,False,False,True,True,False,False,False,False
2024-02-01,28.43,1.48,1.0,28.43,0.0,1.0,2,1,2024,14,398.66,2172.02,1111.1966666666667,936.5784131792349,False,False,False,True,True,False,False,False,False
2024-03-01,1688.69,652.51,4.0,82.13499999999999,2.5,22.0,3,1,2024,15,28.43,398.66,866.3700000000002,1145.7787766842255,False,False,False,True,True,False,False,False,False
2024-04-01,2085.73,637.89,7.0,86.89999999999999,12.857142857142858,37.0,4,2,2024,16,1688.69,28.43,705.2599999999999,871.56094847119,False,False,False,True,True,False,False,False,False
2024-05-01,735.62,237.16,5.0,59.278,7.0,13.0,5,2,2024,17,2085.73,1688.69,1267.6166666666668,1091.3743109187303,False,False,False,True,True,False,False,False,False
2024-06-01,224.13,66.32,1.0,65.92,15.0,4.0,6,2,2024,18,735.62,2085.73,1503.346666666667,693.8756130844588,False,False,False,True,True,False,False,False,False
2024-07-01,839.78,283.97,3.0,112.41,11.666666666666666,8.0,7,3,2024,19,224.13,735.62,1015.1600000000002,961.7669149539299,False,False,False,True,True,False,False,False,False
2024-08-01,844.07,301.64,4.0,90.22,2.5,10.0,8,3,2024,20,839.78,224.13,599.8433333333335,329.51890390891555,False,False,False,True,True,False,False,False,False
2024-09-01,86.26,27.3,1.0,43.13,0.0,2.0,9,3,2024,21,844.07,839.78,635.9933333333335,356.69055921531367,False,False,False,True,True,False,False,False,False
2024-10-01,1128.5,381.93,5.0,55.062,13.0,20.0,10,4,2024,22,86.26,844.07,590.0366666666669,436.28866411280177,False,False,False,True,True,False,False,False,False
2024-11-01,902.0,372.78,2.0,82.4,7.5,8.0,11,4,2024,23,1128.5,86.26,686.276666666667,538.7393678146542,False,False,False,True,True,False,False,False,False
2024-12-01,382.03,67.92999999999999,4.0,49.025000000000006,16.25,10.0,12,4,2024,24,902.0,1128.5,705.5866666666667,548.1785316238983,False,False,False,True,True,False,False,False,False
2025-01-01,462.51,167.95,2.0,65.87,7.5,7.0,1,1,2025,25,382.03,902.0,804.1766666666668,382.7289101091441,False,False,False,True,True,False,False,False,False
2025-02-01,2408.08,812.94,6.0,138.835,8.333333333333334,20.0,2,1,2025,26,462.51,382.03,582.1800000000002,279.8801205873684,False,False,False,True,True,False,False,False,False
2025-03-01,0.0,0.0,0.0,55.09,0.0,0.0,3,1,2025,27,2408.08,462.51,1084.2066666666667,1147.2138900978027,False,False,False,True,True,False,False,False,False
2025-04-01,778.61,221.27,5.0,46.596,10.0,22.0,4,2,2025,28,0.0,2408.08,956.8633333333333,1277.8893673684483,False,False,False,True,True,False,False,False,False
2025-05-01,450.29,133.24,3.0,36.266666666666666,10.0,15.0,5,2,2025,29,778.61,0.0,1062.2300000000002,1228.8378859312566,False,False,False,True,True,False,False,False,False
2025-06-01,3383.84,1303.37,6.0,79.53666666666666,7.5,37.0,6,2,2025,30,450.29,778.61,409.6333333333335,390.89398362386254,False,False,False,True,True,False,False,False,False
2025-07-01,373.68,99.78,4.0,49.855,8.75,9.0,7,3,2025,31,3383.84,450.29,1537.5800000000002,1607.3131295114842,False,False,False,True,True,False,False,False,False
2025-08-01,256.09,86.02,1.0,56.91,10.0,5.0,8,3,2025,32,373.68,3383.84,1402.6033333333335,1716.228807599189,False,False,False,True,True,False,False,False,False
2025-09-01,434.87,122.09,3.0,56.89333333333334,10.0,9.0,9,3,2025,33,256.09,373.68,1337.8700000000001,1772.8372126904378,False,False,False,True,True,False,False,False,False
2025-10-01,2408.64,865.28,8.0,87.0775,7.5,41.0,10,4,2025,34,434.87,256.09,354.8800000000001,90.86061908219125,False,False,False,True,True,False,False,False,False
2025-11-01,1027.74,318.22,4.0,63.9575,10.0,28.0,11,4,2025,35,2408.64,434.87,1033.2,1194.515369218831,False,False,False,True,True,False,False,False,False
2025-12-01,493.17,141.27,4.0,96.1175,11.25,6.0,12,4,2025,36,1027.74,2408.64,1290.4166666666667,1012.7641762193872,False,False,False,True,True,False,False,False,False
2023-03-01,906.33,321.19,3.0,73.56666666666666,8.333333333333334,11.0,3,1,2023,3,1266.36,462.4,864.3799999999999,568.4855678027368,False,False,False,True,False,True,False,False,False
2023-04-01,1560.5700000000002,596.54,4.0,81.91,6.25,17.0,4,2,2023,4,906.33,1266.36,878.3633333333333,402.70897833712786,False,False,False,True,False,True,False,False,False
2023-05-01,0.0,0.0,0.0,55.09,0.0,0.0,5,2,2023,5,1560.5700000000002,906.33,1244.42,327.67135532420315,False,False,False,True,False,True,False,False,False
2023-06-01,1122.89,344.85,5.0,82.00399999999999,13.0,16.0,6,2,2023,6,0.0,1560.5700000000002,822.3000000000002,783.6711439755837,False,False,False,True,False,True,False,False,False
2023-07-01,1258.67,509.38,3.0,93.51333333333332,3.333333333333333,13.0,7,3,2023,7,1122.89,0.0,894.486666666667,804.9662994395067,False,False,False,True,False,True,False,False,False
2023-08-01,2937.79,1054.93,6.0,84.59333333333333,7.5,36.0,8,3,2023,8,1258.67,1122.89,793.8533333333335,690.8410730648066,False,False,False,True,False,True,False,False,False
2023-09-01,525.67,132.32,4.0,45.602500000000006,11.25,20.0,9,3,2023,9,2937.79,1258.67,1773.1166666666668,1010.9189048253743,False,False,False,True,False,True,False,False,False
2023-10-01,767.6700000000001,243.14,4.0,54.4075,8.75,18.0,10,4,2023,10,525.67,2937.79,1574.0433333333333,1236.598551727008,False,False,False,True,False,True,False,False,False
2023-11-01,1204.18,446.25,4.0,77.62249999999999,5.0,15.0,11,4,2023,11,767.6700000000001,525.67,1410.3766666666668,1328.301403346896,False,False,False,True,False,True,False,False,False
2023-12-01,697.57,229.96,4.0,53.185,7.5,15.0,12,4,2023,12,1204.18,767.6700000000001,832.5066666666667,343.8703244441618,False,False,False,True,False,True,False,False,False
2024-01-01,213.82,70.11,2.0,34.35,2.5,6.0,1,1,2024,13,697.57,1204.18,889.8066666666667,274.50218037992545,False,False,False,True,False,True,False,False,False
2024-02-01,836.07,270.29,5.0,91.616,11.0,12.0,2,1,2024,14,213.82,697.57,705.1899999999999,495.22397023972866,False,False,False,True,False,True,False,False,False
2024-03-01,517.3399999999999,195.32,3.0,55.31999999999999,1.6666666666666667,8.0,3,1,2024,15,836.07,213.82,582.4866666666667,326.69847846804066,False,False,False,True,False,True,False,False,False
2024-04-01,753.79,249.67,5.0,84.172,8.0,14.0,4,2,2024,16,517.3399999999999,836.07,522.41,311.1559806592177,False,False,False,True,False,True,False,False,False
2024-05-01,4041.54,1470.0,9.0,84.35333333333334,5.555555555555555,44.0,5,2,2024,17,753.79,517.3399999999999,702.4,165.46269156519728,False,False,False,True,False,True,False,False,False
2024-06-01,0.0,0.0,0.0,55.09,0.0,0.0,6,2,2024,18,4041.54,753.79,1770.89,1969.9912988386525,False,False,False,True,False,True,False,False,False
2024-07-01,559.47,196.13,5.0,47.474,6.0,10.0,7,3,2024,19,0.0,4041.54,1598.4433333333334,2149.0906991174975,False,False,False,True,False,True,False,False,False
2024-08-01,825.88,289.72,4.0,84.2925,7.5,11.0,8,3,2024,20,559.47,0.0,1533.67,2189.8197695015906,False,False,False,True,False,True,False,False,False
2024-09-01,1268.5,393.98,6.0,74.00333333333333,14.166666666666666,25.0,9,3,2024,21,825.88,559.47,461.7833333333333,421.51685284616246,False,False,False,True,False,True,False,False,False
2024-10-01,1898.18,703.29,8.0,67.6775,6.25,29.0,10,4,2024,22,1268.5,825.88,884.6166666666667,358.145755570736,False,False,False,True,False,True,False,False,False
2024-11-01,1090.07,344.65,6.0,70.16166666666668,11.666666666666666,20.0,11,4,2024,23,1898.18,1268.5,1330.8533333333335,538.8624835088572,False,False,False,True,False,True,False,False,False
2024-12-01,429.35,132.07,1.0,63.14,15.0,8.0,12,4,2024,24,1090.07,1898.18,1418.9166666666667,424.53424270997664,False,False,False,True,False,True,False,False,False
2025-01-01,197.61,64.49,1.0,73.19,10.0,3.0,1,1,2025,25,429.35,1090.07,1139.2,735.6464571382098,False,False,False,True,False,True,False,False,False
2025-02-01,241.89,69.80000000000001,3.0,88.63999999999999,11.666666666666666,3.0,2,1,2025,26,197.61,429.35,572.3433333333334,463.09451835811376,False,False,False,True,False,True,False,False,False
2025-03-01,333.78,93.06,4.0,62.3425,10.0,6.0,3,1,2025,27,241.89,197.61,289.6166666666667,123.02127024760165,False,False,False,True,False,True,False,False,False
2025-04-01,1162.31,454.29,5.0,132.32,2.0,9.0,4,2,2025,28,333.78,241.89,257.76,69.45833211357804,False,False,False,True,False,True,False,False,False
2025-05-01,414.58,124.32,4.0,57.695,8.75,8.0,5,2,2025,29,1162.31,333.78,579.3266666666667,506.96461240734885,False,False,False,True,False,True,False,False,False
2025-06-01,446.55,149.53,4.0,72.9125,8.75,6.0,6,2,2025,30,414.58,1162.31,636.89,456.8170227782674,False,False,False,True,False,True,False,False,False
2025-07-01,40.3,6.82,1.0,44.78,10.0,1.0,7,3,2025,31,446.55,414.58,674.48,422.77547457249705,False,False,False,True,False,True,False,False,False
2025-08-01,4162.360000000001,1398.69,6.0,110.07166666666666,13.333333333333334,38.0,8,3,2025,32,40.3,446.55,300.47666666666663,225.88590844347362,False,False,False,True,False,True,False,False,False
2025-09-01,976.39,347.96,6.0,100.68333333333334,8.333333333333334,9.0,9,3,2025,33,4162.360000000001,40.3,1549.736666666667,2271.697664090302,False,False,False,True,False,True,False,False,False
2025-10-01,1248.1,424.19,5.0,81.33200000000001,7.0,24.0,10,4,2025,34,976.39,4162.360000000001,1726.3500000000004,2160.943002973471,False,False,False,True,False,True,False,False,False
2025-11-01,2041.27,610.61,5.0,105.018,14.0,22.0,11,4,2025,35,1248.1,976.39,2128.9500000000003,1766.217356980732,False,False,False,True,False,True,False,False,False
2025-12-01,477.83,119.64,5.0,80.34,11.0,10.0,12,4,2025,36,2041.27,1248.1,1421.92,553.3103992335587,False,False,False,True,False,True,False,False,False
2023-03-01,1197.35,468.49,2.0,162.115,5.0,8.0,3,1,2023,3,48.95,61.04,54.995000000000005,8.54892098454536,False,False,False,True,False,False,True,False,False
2023-04-01,609.39,252.8,1.0,67.71,0.0,9.0,4,2,2023,4,1197.35,48.95,435.78,659.5666688819258,False,False,False,True,False,False,True,False,False
2023-05-01,0.0,0.0,0.0,55.09,0.0,0.0,5,2,2023,5,609.39,1197.35,618.5633333333334,574.254954295854,False,False,False,True,False,False,True,False,False
2023-06-01,162.19,30.38,2.0,23.815,5.0,7.0,6,2,2023,6,0.0,609.39,602.2466666666666,598.7069617378215,False,False,False,True,False,False,True,False,False
2023-07-01,68.34,9.14,1.0,42.71,20.0,2.0,7,3,2023,7,162.19,0.0,257.1933333333333,315.6077756224225,False,False,False,True,False,False,True,False,False
2023-08-01,170.4,21.82,2.0,88.395,15.0,4.0,8,3,2023,8,68.34,162.19,76.84333333333333,81.42867451539045,False,False,False,True,False,False,True,False,False
2023-09-01,417.49,97.5,4.0,42.1475,10.0,11.0,9,3,2023,9,170.4,68.34,133.64333333333335,56.70313071897696,False,False,False,True,False,False,True,False,False
2023-10-01,593.41,172.29000000000002,2.0,106.245,17.5,7.0,10,4,2023,10,417.49,170.4,218.74333333333334,179.52503734391303,False,False,False,True,False,False,True,False,False
2023-11-01,17.56,-5.31,1.0,17.56,0.0,1.0,11,4,2023,11,593.41,417.49,393.76666666666665,212.5004998425494,False,False,False,True,False,False,True,False,False
2023-12-01,0.0,0.0,0.0,55.09,0.0,0.0,12,4,2023,12,17.56,593.41,342.82,295.0974623747212,False,False,False,True,False,False,True,False,False
2024-01-01,1596.14,469.67,2.0,113.085,10.0,14.0,1,1,2024,13,0.0,17.56,203.65666666666664,337.6504613255154,False,False,False,True,False,False,True,False,False
2024-02-01,41.84,4.44,1.0,22.02,5.0,2.0,2,1,2024,14,1596.14,0.0,537.9,916.5047799111579,False,False,False,True,False,False,True,False,False
2024-03-01,1076.19,389.78,3.0,132.05333333333334,10.0,8.0,3,1,2024,15,41.84,1596.14,545.9933333333333,909.694268715228,False,False,False,True,False,False,True,False,False
2024-04-01,0.0,0.0,0.0,55.09,0.0,0.0,4,2,2024,16,1076.19,41.84,904.7233333333334,791.2096661652544,False,False,False,True,False,False,True,False,False
2024-05-01,1403.59,480.96,4.0,70.43,8.75,14.0,5,2,2024,17,0.0,1076.19,372.6766666666667,609.6194747818785,False,False,False,True,False,False,True,False,False
2024-06-01,373.37,101.93,2.0,127.92,17.5,3.0,6,2,2024,18,1403.59,0.0,826.5933333333332,734.3296902845024,False,False,False,True,False,False,True,False,False
2024-07-01,0.0,0.0,0.0,55.09,0.0,0.0,7,3,2024,19,373.37,1403.59,592.32,726.9597986821553,False,False,False,True,False,False,True,False,False
2024-08-01,66.58,11.52,1.0,24.66,10.0,3.0,8,3,2024,20,0.0,373.37,592.32,726.9597986821553,False,False,False,True,False,False,True,False,False
2024-09-01,585.81,189.92,3.0,41.406666666666666,10.0,16.0,9,3,2024,21,66.58,0.0,146.65,199.14741499703138,False,False,False,True,False,False,True,False,False
2024-10-01,0.0,0.0,0.0,55.09,0.0,0.0,10,4,2024,22,585.81,66.58,217.46333333333328,320.72990854195865,False,False,False,True,False,False,True,False,False
2024-11-01,0.0,0.0,0.0,55.09,0.0,0.0,11,4,2024,23,0.0,585.81,217.46333333333328,320.72990854195865,False,False,False,True,False,False,True,False,False
2024-12-01,207.84,50.35,3.0,73.52333333333333,5.0,3.0,12,4,2024,24,0.0,0.0,195.26999999999995,338.2175611939744,False,False,False,True,False,False,True,False,False
2025-01-01,338.6,138.19,1.0,67.72,0.0,5.0,1,1,2025,25,207.84,0.0,69.27999999999996,119.99647994837183,False,False,False,True,False,False,True,False,False
2025-02-01,0.0,0.0,0.0,55.09,0.0,0.0,2,1,2025,26,338.6,207.84,182.14666666666665,170.75596778248584,False,False,False,True,False,False,True,False,False
2025-03-01,1001.53,308.73,5.0,66.44800000000001,10.0,18.0,3,1,2025,27,0.0,338.6,182.14666666666665,170.75596778248584,False,False,False,True,False,False,True,False,False
2025-04-01,1174.42,418.94,4.0,102.565,6.25,19.0,4,2,2025,28,1001.53,0.0,446.71,509.44225806267775,False,False,False,True,False,False,True,False,False
2025-05-01,1181.51,480.15,2.0,110.455,2.5,11.0,5,2,2025,29,1174.42,1001.53,725.3166666666666,634.0630396367015,False,False,False,True,False,False,True,False,False
2025-06-01,194.81,59.49,2.0,37.39,0.0,5.0,6,2,2025,30,1181.51,1174.42,1119.1533333333334,101.92646090850587,False,False,False,True,False,False,True,False,False
2025-07-01,516.19,131.94,2.0,58.255,15.0,15.0,7,3,2025,31,194.81,1181.51,850.2466666666668,567.6358736314445,False,False,False,True,False,False,True,False,False
2025-08-01,109.42,34.29,1.0,115.18,5.0,1.0,8,3,2025,32,516.19,194.81,630.8366666666666,503.2416081101931,False,False,False,True,False,False,True,False,False
2025-09-01,926.64,352.91,3.0,111.95666666666666,3.333333333333333,12.0,9,3,2025,33,109.42,516.19,273.47333333333324,214.49102133500415,False,False,False,True,False,False,True,False,False
2025-10-01,474.69999999999993,174.04,2.0,87.995,2.5,6.0,10,4,2025,34,926.64,109.42,517.4166666666665,408.61138093955867,False,False,False,True,False,False,True,False,False
2025-11-01,289.64,79.02,2.0,34.205,2.5,10.0,11,4,2025,35,474.69999999999993,926.64,503.58666666666653,409.37508684986335,False,False,False,True,False,False,True,False,False
2025-12-01,580.73,182.28,4.0,85.635,10.0,8.0,12,4,2025,36,289.64,474.69999999999993,563.6599999999999,327.6853081845444,False,False,False,True,False,False,True,False,False
2023-03-01,1226.18,433.89,3.0,86.17333333333333,8.333333333333334,15.0,3,1,2023,3,1114.08,690.64,902.3599999999999,299.41729542563166,False,False,False,True,False,False,False,True,False
2023-04-01,780.47,242.69,4.0,120.5675,13.75,8.0,4,2,2023,4,1226.18,1114.08,1010.2999999999998,282.4508615671052,False,False,False,True,False,False,False,True,False
2023-05-01,707.48,256.83000000000004,5.0,49.502,5.0,14.0,5,2,2023,5,780.47,1226.18,1040.2433333333333,231.84745207427528,False,False,False,True,False,False,False,True,False
2023-06-01,1497.1999999999998,486.11,5.0,57.84000000000001,13.0,25.0,6,2,2023,6,707.48,780.47,904.71,280.7830224568431,False,False,False,True,False,False,False,True,False
2023-07-01,626.22,235.56,4.0,56.0675,5.0,11.0,7,3,2023,7,1497.1999999999998,707.48,995.0499999999998,436.4033133467251,False,False,False,True,False,False,False,True,False
2023-08-01,1333.87,441.15,5.0,90.168,12.0,17.0,8,3,2023,8,626.22,1497.1999999999998,943.6333333333332,481.12143761563283,False,False,False,True,False,False,False,True,False
2023-09-01,408.88,129.25,3.0,92.97666666666667,11.666666666666666,6.0,9,3,2023,9,1333.87,626.22,1152.43,462.97072834035623,False,False,False,True,False,False,False,True,False
2023-10-01,1357.64,499.89,5.0,73.00800000000001,9.0,17.0,10,4,2023,10,408.88,1333.87,789.6566666666666,483.66856734062577,False,False,False,True,False,False,False,True,False
2023-11-01,593.99,209.87,4.0,80.36500000000001,5.0,11.0,11,4,2023,11,1357.64,408.88,1033.4633333333334,541.0355888787109,False,False,False,True,False,False,False,True,False
2023-12-01,382.99,125.97,5.0,51.324,8.0,10.0,12,4,2023,12,593.99,1357.64,786.8366666666667,502.92023426517005,False,False,False,True,False,False,False,True,False
2024-01-01,1235.05,429.17,8.0,73.945,7.5,18.0,1,1,2024,13,382.99,593.99,778.2066666666666,512.7743078912334,False,False,False,True,False,False,False,True,False
2024-02-01,386.36,165.0,1.0,96.59,0.0,4.0,2,1,2024,14,1235.05,382.99,737.3433333333334,443.7501487699282,False,False,False,True,False,False,False,True,False
2024-03-01,1134.15,373.6,3.0,69.74333333333334,13.333333333333334,21.0,3,1,2024,15,386.36,1235.05,668.1333333333333,490.96712663205204,False,False,False,True,False,False,False,True,False
2024-04-01,416.41,104.1,4.0,46.7575,12.5,10.0,4,2,2024,16,1134.15,386.36,918.5200000000001,463.61719305910145,False,False,False,True,False,False,False,True,False
2024-05-01,942.62,221.27,4.0,90.1575,17.5,19.0,5,2,2024,17,416.41,1134.15,645.6400000000001,423.32879148482226,False,False,False,True,False,False,False,True,False
2024-06-01,1603.06,630.38,3.0,110.92,6.666666666666667,15.0,6,2,2024,18,942.62,416.41,831.0600000000001,371.64755091349673,False,False,False,True,False,False,False,True,False
2024-07-01,1598.06,596.39,8.0,85.8325,8.75,20.0,7,3,2024,19,1603.06,942.62,987.3633333333333,594.5889588895285,False,False,False,True,False,False,False,True,False
2024-08-01,1402.55,505.1,6.0,81.28666666666668,10.833333333333334,19.0,8,3,2024,20,1598.06,1603.06,1381.2466666666667,379.8700626968829,False,False,False,True,False,False,False,True,False
2024-09-01,2121.6800000000003,882.74,6.0,69.835,4.166666666666667,21.0,9,3,2024,21,1402.55,1598.06,1534.5566666666666,114.34845881486038,False,False,False,True,False,False,False,True,False
2024-10-01,634.62,207.91,3.0,47.54,8.333333333333334,15.0,10,4,2024,22,2121.6800000000003,1402.55,1707.43,371.8310596225129,False,False,False,True,False,False,False,True,False
2024-11-01,2085.1800000000003,761.82,7.0,64.80285714285715,5.714285714285714,36.0,11,4,2024,23,634.62,2121.6800000000003,1386.2833333333335,743.6634415065284,False,False,False,True,False,False,False,True,False
2024-12-01,687.44,295.87,1.0,171.86,0.0,4.0,12,4,2024,24,2085.1800000000003,634.62,1613.8266666666668,848.2142032136305,False,False,False,True,False,False,False,True,False
2025-01-01,1914.07,799.23,6.0,79.81333333333333,3.333333333333333,20.0,1,1,2025,25,687.44,2085.1800000000003,1135.7466666666667,822.6574189377578,False,False,False,True,False,False,False,True,False
2025-02-01,499.87,193.59,2.0,189.07,5.0,3.0,2,1,2025,26,1914.07,687.44,1562.2300000000002,762.4059391820085,False,False,False,True,False,False,False,True,False
2025-03-01,1116.32,374.11,7.0,61.28285714285715,7.857142857142857,23.0,3,1,2025,27,499.87,1914.07,1033.7933333333333,768.089111778922,False,False,False,True,False,False,False,True,False
2025-04-01,1384.98,488.45,9.0,75.31888888888889,7.222222222222222,25.0,4,2,2025,28,1116.32,499.87,1176.7533333333333,709.0342381248831,False,False,False,True,False,False,False,True,False
2025-05-01,1013.82,342.4,4.0,69.4425,8.75,15.0,5,2,2025,29,1384.98,1116.32,1000.39,453.8003434331005,False,False,False,True,False,False,False,True,False
2025-06-01,200.18,46.15,3.0,52.06666666666666,15.0,6.0,6,2,2025,30,1013.82,1384.98,1171.7066666666667,191.67863348149532,False,False,False,True,False,False,False,True,False
2025-07-01,1008.48,264.32,4.0,73.7,10.0,12.0,7,3,2025,31,200.18,1013.82,866.3266666666667,606.0144161101558,False,False,False,True,False,False,False,True,False
2025-08-01,197.28,53.87,2.0,35.17,7.5,6.0,8,3,2025,32,1008.48,200.18,740.8266666666665,468.22136061197915,False,False,False,True,False,False,False,True,False
2025-09-01,1839.16,680.68,2.0,130.465,12.5,11.0,9,3,2025,33,197.28,1008.48,468.64666666666653,467.5116290888738,False,False,False,True,False,False,False,True,False
2025-10-01,916.05,340.7,5.0,47.35,10.0,19.0,10,4,2025,34,1839.16,197.28,1014.9733333333334,820.9592597281144,False,False,False,True,False,False,False,True,False
2025-11-01,361.26,117.83,3.0,53.24999999999999,8.333333333333334,7.0,11,4,2025,35,916.05,1839.16,984.1633333333333,823.0565310070344,False,False,False,True,False,False,False,True,False
2025-12-01,996.53,322.38,4.0,95.825,12.5,17.0,12,4,2025,36,361.26,916.05,1038.823333333333,746.5601590182357,False,False,False,True,False,False,False,True,False
2023-03-01,1137.39,464.29,1.0,239.45,5.0,5.0,3,1,2023,3,654.39,537.18,595.785,82.87998582287526,False,False,False,True,False,False,False,False,True
2023-04-01,482.46,160.91,3.0,99.19666666666669,6.666666666666667,7.0,4,2,2023,4,1137.39,654.39,776.32,318.14022804417556,False,False,False,True,False,False,False,False,True
2023-05-01,52.98,11.06,1.0,55.77,5.0,1.0,5,2,2023,5,482.46,1137.39,758.08,339.5541757952625,False,False,False,True,False,False,False,False,True
2023-06-01,0.0,0.0,0.0,55.09,0.0,0.0,6,2,2023,6,52.98,482.46,557.61,546.0969729819055,False,False,False,True,False,False,False,False,True
2023-07-01,1864.12,722.41,3.0,75.61666666666667,11.666666666666666,15.0,7,3,2023,7,0.0,52.98,178.48,264.5838249024304,False,False,False,True,False,False,False,False,True
2023-08-01,0.0,0.0,0.0,55.09,0.0,0.0,8,3,2023,8,1864.12,0.0,639.0333333333333,1061.2868253838512,False,False,False,True,False,False,False,False,True
2023-09-01,550.64,204.58,3.0,66.95333333333333,3.333333333333333,7.0,9,3,2023,9,0.0,1864.12,621.3733333333333,1076.2501838017652,False,False,False,True,False,False,False,False,True
2023-10-01,187.59,51.89,2.0,61.94499999999999,5.0,3.0,10,4,2023,10,550.64,0.0,804.92,957.7210357927825,False,False,False,True,False,False,False,False,True
2023-11-01,312.87,99.91,3.0,53.79,0.0,8.0,11,4,2023,11,187.59,550.64,246.07666666666668,279.9403865706649,False,False,False,True,False,False,False,False,True
2023-12-01,0.0,0.0,0.0,55.09,0.0,0.0,12,4,2023,12,312.87,187.59,350.3666666666666,184.40668543557018,False,False,False,True,False,False,False,False,True
2024-01-01,0.0,0.0,0.0,55.09,0.0,0.0,1,1,2024,13,0.0,312.87,166.82000000000002,157.46572293677096,False,False,False,True,False,False,False,False,True
2024-02-01,74.68,19.7,1.0,78.61,5.0,1.0,2,1,2024,14,0.0,0.0,104.29,180.6355787213579,False,False,False,True,False,False,False,False,True
2024-03-01,55.14,12.66,1.0,27.57,0.0,2.0,3,1,2024,15,74.68,0.0,24.893333333333334,43.116518103081255,False,False,False,True,False,False,False,False,True
2024-04-01,2106.24,702.5,5.0,101.538,16.0,22.0,4,2,2024,16,55.14,74.68,43.27333333333333,38.728399571029705,False,False,False,True,False,False,False,False,True
2024-05-01,70.74,11.85,1.0,26.2,10.0,3.0,5,2,2024,17,2106.24,55.14,745.3533333333334,1178.6029197882267,False,False,False,True,False,False,False,False,True
2024-06-01,335.92,120.86,2.0,129.205,2.5,4.0,6,2,2024,18,70.74,2106.24,744.04,1179.7255909744433,False,False,False,True,False,False,False,False,True
2024-07-01,73.52,9.51,1.0,17.3,15.0,5.0,7,3,2024,19,335.92,70.74,837.6333333333332,1106.6174877225342,False,False,False,True,False,False,False,False,True
2024-08-01,254.28,95.8,1.0,63.57,0.0,4.0,8,3,2024,20,73.52,335.92,160.06,152.3055704825002,False,False,False,True,False,False,False,False,True
2024-09-01,523.35,158.98,4.0,76.85,6.25,11.0,9,3,2024,21,254.28,73.52,221.24,134.28392010959405,False,False,False,True,False,False,False,False,True
2024-10-01,155.41,29.01,2.0,43.1,10.0,4.0,10,4,2024,22,523.35,254.28,283.7166666666667,226.35513078641085,False,False,False,True,False,False,False,False,True
2024-11-01,0.0,0.0,0.0,55.09,0.0,0.0,11,4,2024,23,155.41,523.35,311.0133333333333,190.41786742145067,False,False,False,True,False,False,False,False,True
2024-12-01,375.54,145.71,1.0,62.59,0.0,6.0,12,4,2024,24,0.0,155.41,226.25333333333333,268.77107179407005,False,False,False,True,False,False,False,False,True
2025-01-01,528.66,136.68,2.0,79.59,15.0,9.0,1,1,2025,25,375.54,0.0,176.98333333333332,188.69718978652853,False,False,False,True,False,False,False,False,True
2025-02-01,1372.14,520.29,3.0,76.28666666666668,8.333333333333334,17.0,2,1,2025,26,528.66,375.54,301.4,272.0163664193752,False,False,False,True,False,False,False,False,True
2025-03-01,384.4,89.06,2.0,37.07,12.5,11.0,3,1,2025,27,1372.14,528.66,758.7800000000001,536.6742967573533,False,False,False,True,False,False,False,False,True
2025-04-01,497.83,130.46,3.0,86.22666666666665,13.333333333333334,10.0,4,2,2025,28,384.4,1372.14,761.7333333333332,533.5259702519953,False,False,False,True,False,False,False,False,True
2025-05-01,110.23,21.77,2.0,60.18000000000001,7.5,2.0,5,2,2025,29,497.83,384.4,751.4566666666666,540.5112778040186,False,False,False,True,False,False,False,False,True
2025-06-01,907.92,348.65,2.0,88.46000000000001,5.0,11.0,6,2,2025,30,110.23,497.83,330.8199999999999,199.2775760089427,False,False,False,True,False,False,False,False,True
2025-07-01,576.5,185.39,1.0,53.38,10.0,12.0,7,3,2025,31,907.92,110.23,505.32666666666654,398.8978365864287,False,False,False,True,False,False,False,False,True
2025-08-01,1457.57,541.07,3.0,132.34666666666666,10.0,12.0,8,3,2025,32,576.5,907.92,531.5499999999998,400.7402037480141,False,False,False,True,False,False,False,False,True
2025-09-01,0.0,0.0,0.0,55.09,0.0,0.0,9,3,2025,33,1457.57,576.5,980.6633333333333,445.01660714329853,False,False,False,True,False,False,False,False,True
2025-10-01,100.08,15.05,2.0,56.46,12.5,2.0,10,4,2025,34,0.0,1457.57,678.0233333333332,734.0693541030936,False,False,False,True,False,False,False,False,True
2025-11-01,0.0,0.0,0.0,55.09,0.0,0.0,11,4,2025,35,100.08,0.0,519.2166666666666,814.1770294188685,False,False,False,True,False,False,False,False,True
2025-12-01,0.0,0.0,0.0,55.09,0.0,0.0,12,4,2025,36,0.0,100.08,33.36,57.781214940499524,False,False,False,True,False,False,False,False,True
