month,total_sales,total_profit,order_count,avg_unit_price,avg_discount,total_quantity,month_num,quarter,year,time_idx,lag_1,lag_2,lag_3,lag_6,lag_12,roll_mean_3,roll_std_3,roll_mean_6,roll_std_6,roll_mean_12,roll_std_12,roll_max_3,roll_max_6,cat_Clothing & Accessories,cat_Furniture,cat_Office Supplies,cat_Technology,reg_Asia Pacific,reg_Europe,reg_Middle East & Africa,reg_North America,reg_South America
2023-04-01,566.78,201.4,5,54.004,4.0,12,4,2,2023,4,45.26,364.86,163.99,,,191.37,161.5496465486694,191.37,161.5496465486694,191.37,161.5496465486694,364.86,364.86,True,False,False,False,True,False,False,False,False
2023-05-01,372.36,120.2,2,66.05,15.0,9,5,2,2023,5,566.78,45.26,364.86,,,325.6333333333333,262.9635452554847,285.22249999999997,229.4167079610085,285.22249999999997,229.4167079610085,566.78,566.78,True,False,False,False,True,False,False,False,False
2023-06-01,452.3200000000001,155.05,4,29.3525,8.75,16,6,2,2023,6,372.36,566.78,45.26,,,328.1333333333333,263.557917986414,302.65,202.4663137413234,302.65,202.4663137413234,566.78,566.78,True,False,False,False,True,False,False,False,False
2023-11-01,49.64,2.07,2,26.345,5.0,2,11,4,2023,11,66.02,568.62,363.8,372.36,,332.81333333333333,252.72874813391007,398.31666666666666,185.78789171166852,329.33444444444444,196.98861826962946,568.62,568.62,True,False,False,False,True,False,False,False,False
2023-12-01,1137.85,440.63,5,63.470000000000006,9.0,20,12,4,2023,12,49.64,66.02,568.62,452.3200000000001,,228.09333333333333,295.01844710684344,312.12666666666667,210.33731486986963,301.365,205.70804820046408,568.62,568.62,True,False,False,False,True,False,False,False,False
2024-05-01,1351.38,609.27,4,63.195,2.5,17,5,2,2024,17,1178.47,1226.29,982.98,49.64,372.36,1129.2466666666667,128.90749176573502,773.5416666666666,560.3844247448948,584.1991666666667,445.90075478454196,1226.29,1226.29,True,False,False,False,True,False,False,False,False
2024-06-01,298.16,92.63,3,43.63999999999999,8.333333333333334,7,6,2,2024,18,1351.38,1178.47,1226.29,1137.85,452.3200000000001,1252.0466666666669,89.28617716832197,987.7683333333334,474.99586522060025,693.0425,461.5242400237993,1351.38,1351.38,True,False,False,False,True,False,False,False,False
2024-07-01,123.84,23.22,1,25.8,20.0,6,7,3,2024,19,298.16,1351.38,1178.47,,,942.6700000000001,564.8179548314657,1029.1883333333333,377.70002517429975,670.6574999999999,474.53592417175906,1351.38,1351.38,True,False,False,False,True,False,False,False,False
2024-08-01,324.59000000000003,118.05,3,33.56666666666666,5.0,10,8,3,2024,20,123.84,298.16,1351.38,982.98,363.8,591.1266666666667,664.1428413627093,860.1866666666668,519.5700938147486,649.9475,493.77110148004624,1351.38,1351.38,True,False,False,False,True,False,False,False,False
2024-09-01,389.6,159.92000000000002,2,41.56,0.0,9,9,3,2024,21,324.59000000000003,123.84,298.16,1226.29,568.62,248.86333333333326,109.07686112706412,750.455,556.6515546641364,639.3033333333334,499.7590512042839,324.59000000000003,1351.38,True,False,False,False,True,False,False,False,False
2024-10-01,447.44,135.07,6,41.10666666666667,7.5,13,10,4,2024,22,389.6,324.59000000000003,123.84,1178.47,66.02,279.34333333333325,138.53714315421996,611.0066666666667,516.9965424126806,641.4533333333334,498.52002785213847,389.6,1351.38,True,False,False,False,True,False,False,False,False
2024-11-01,692.06,262.32,3,71.05,11.666666666666666,10,11,4,2024,23,447.44,389.6,324.59000000000003,1351.38,49.64,387.20999999999987,61.45986251204531,489.1683333333333,436.37118770224345,631.355,501.34883182543393,447.44,1351.38,True,False,False,False,True,False,False,False,False
2024-12-01,343.63,153.66,1,49.09,0.0,7,12,4,2024,24,692.06,447.44,389.6,298.16,1137.85,509.6999999999999,160.5544879472371,379.2816666666667,188.3638290560756,683.525,468.6807491536992,692.06,692.06,True,False,False,False,True,False,False,False,False
2025-01-01,53.14,11.55,1,31.26,15.0,2,1,1,2025,25,343.63,692.06,447.44,123.84,,494.37666666666655,178.89425433292385,386.85999999999996,185.33774046318737,708.0241666666666,439.2963380320092,692.06,692.06,True,False,False,False,True,False,False,False,False
2025-02-01,423.92,139.23000000000002,4,42.715,6.25,11,2,1,2025,26,53.14,343.63,692.06,324.59000000000003,982.98,362.9433333333332,319.89755427844847,375.07666666666665,206.44942554210817,617.6316666666667,454.159300723142,692.06,692.06,True,False,False,False,True,False,False,False,False
2025-03-01,61.85,19.77,1,61.85,0.0,1,3,1,2025,27,423.92,53.14,343.63,389.6,1226.29,273.5633333333333,195.06782264979762,391.63166666666666,205.5719757570727,571.0433333333334,441.7801290097584,423.92,692.06,True,False,False,False,True,False,False,False,False
2025-04-01,1643.43,757.84,4,60.93,2.5,16,4,2,2025,28,61.85,423.92,53.14,447.44,1178.47,179.63666666666657,211.6003928005166,337.00666666666666,245.82419015765402,474.00666666666666,411.62679330881383,423.92,692.06,True,False,False,False,True,False,False,False,False
2025-05-01,147.53,49.18,1,40.98,10.0,4,5,2,2025,29,1643.43,61.85,423.92,692.06,1351.38,709.7333333333332,828.6228154192551,536.3383333333333,593.0084969177647,512.7533333333334,496.9973002548465,1643.43,1643.43,True,False,False,False,True,False,False,False,False
2025-06-01,96.82,27.69,1,17.93,10.0,6,6,2,2025,30,147.53,1643.43,61.85,343.63,298.16,617.6033333333332,889.42426778975,445.5833333333333,605.9371666325367,412.43250000000006,429.20557090184855,1643.43,1643.43,True,False,False,False,True,False,False,False,False
2025-07-01,732.12,240.58,6,58.60833333333334,10.833333333333334,16,7,3,2025,31,96.82,147.53,1643.43,53.14,123.84,629.2599999999999,878.6628862652614,404.4483333333333,622.3966742654289,395.6541666666667,437.9255373910528,1643.43,1643.43,True,False,False,False,True,False,False,False,False
2025-08-01,126.22,44.14,1,35.06,10.0,4,8,3,2025,32,732.12,96.82,147.53,423.92,324.59000000000003,325.48999999999995,353.0635122750578,517.6116666666667,607.2896568661997,446.3441666666667,438.80614293906655,732.12,1643.43,True,False,False,False,True,False,False,False,False
2025-09-01,123.14,31.950000000000003,2,61.585,15.0,3,9,3,2025,33,126.22,732.12,96.82,61.85,389.6,318.3866666666666,358.6049962470311,467.99499999999995,628.2741540681105,429.81333333333333,447.4610521869388,732.12,1643.43,True,False,False,False,True,False,False,False,False
2025-10-01,426.56,159.65000000000003,3,35.663333333333334,5.0,12,10,4,2025,34,123.14,126.22,732.12,1643.43,447.44,327.1599999999999,350.70902868332297,478.21000000000004,620.803865323018,407.60833333333335,456.16484284906824,732.12,1643.43,True,False,False,False,True,False,False,False,False
2025-11-01,1062.21,473.89,3,81.93,5.0,11,11,4,2025,35,426.56,123.14,126.22,147.53,692.06,225.30666666666662,174.29730271387814,275.39833333333337,254.99875971593752,405.86833333333334,456.0389013676421,426.56,732.12,True,False,False,False,True,False,False,False,False
2025-12-01,778.83,295.37,3,47.59666666666666,6.666666666666667,19,12,4,2025,36,1062.21,426.56,123.14,96.82,343.63,537.3033333333333,479.2297785335685,427.845,397.09047038426877,436.71416666666664,488.5179259102024,1062.21,1062.21,True,False,False,False,True,False,False,False,False
2023-04-01,173.2,69.84,1,45.58,5.0,4,4,2,2023,4,514.15,356.3,26.5,,,298.98333333333335,248.82630655405657,298.98333333333335,248.82630655405657,298.98333333333335,248.82630655405657,514.15,514.15,True,False,False,False,False,True,False,False,False
2023-05-01,275.25,93.48,3,46.17333333333334,8.333333333333334,7,5,2,2023,5,173.2,514.15,356.3,,,347.88333333333327,170.63075875507712,267.53749999999997,212.67749205075745,267.53749999999997,212.67749205075745,514.15,514.15,True,False,False,False,False,True,False,False,False
2023-06-01,175.88,52.120000000000005,2,37.58,10.0,5,6,2,2023,6,275.25,173.2,514.15,,,320.8666666666666,174.99253079298364,269.08,184.21640331414574,269.08,184.21640331414574,514.15,514.15,True,False,False,False,False,True,False,False,False
2023-07-01,592.16,204.75,4,30.6925,10.0,21,7,3,2023,7,175.88,275.25,173.2,26.5,,208.10999999999999,58.16038428346205,253.54666666666665,169.10426744073217,253.54666666666665,169.10426744073217,275.25,514.15,True,False,False,False,False,True,False,False,False
2023-08-01,656.26,231.16,3,53.53333333333333,11.666666666666666,15,8,3,2023,8,592.16,175.88,275.25,356.3,,347.76333333333326,217.40721522832064,347.82333333333327,174.79217816214393,301.91999999999996,200.52447905430398,592.16,592.16,True,False,False,False,False,True,False,False,False
2023-09-01,171.97,48.3,2,28.685,12.5,6,9,3,2023,9,656.26,592.16,175.88,514.15,,474.7666666666666,260.82011451062084,397.8166666666666,215.79010678589196,346.2125,223.96512207739588,656.26,656.26,True,False,False,False,False,True,False,False,False
2023-10-01,963.32,328.21,5,55.446000000000005,10.0,19,10,4,2023,10,171.97,656.26,592.16,173.2,,473.4633333333332,263.06059194287036,340.78666666666663,223.95785225498716,326.85222222222217,217.40218977610238,656.26,656.26,True,False,False,False,False,True,False,False,False
2023-11-01,14.93,-1.44,1,15.72,5.0,1,11,4,2023,11,963.32,171.97,656.26,275.25,,597.1833333333333,398.96897753250613,472.4733333333333,318.1822713896339,390.49899999999997,287.2652289532368,963.32,963.32,True,False,False,False,False,True,False,False,False
2023-12-01,110.59,31.11,1,43.37,15.0,3,12,4,2023,12,14.93,963.32,171.97,175.88,,383.4066666666666,508.32076097021,429.08666666666664,364.7887692167436,356.35636363636365,295.1137007755732,963.32,963.32,True,False,False,False,False,True,False,False,False
2024-01-01,340.49,108.97,3,49.15333333333333,10.0,8,1,1,2024,13,110.59,14.93,963.32,592.16,26.5,362.94666666666666,522.1339037386228,418.2049999999999,374.69194743148665,335.87583333333333,290.1862480125584,963.32,963.32,True,False,False,False,False,True,False,False,False
2024-02-01,652.8,263.5,4,50.8025,5.0,14,2,1,2024,14,340.49,110.59,14.93,656.26,356.3,155.3366666666666,167.32909649350682,376.26,365.2925562887916,362.0416666666667,273.4261938251289,340.49,963.32,True,False,False,False,False,True,False,False,False
2024-03-01,19.9,-0.53,1,24.87,20.0,1,3,1,2024,15,652.8,340.49,110.59,171.97,514.15,367.95999999999987,272.1467833725028,375.68333333333334,364.7644814762899,386.75,285.9691876281906,652.8,963.32,True,False,False,False,False,True,False,False,False
2024-04-01,410.69,107.49,4,35.57,17.5,14,4,2,2024,16,19.9,652.8,340.49,963.32,173.2,337.72999999999985,316.4590268897381,350.33833333333337,386.3920492668899,345.5625,301.14227679786177,652.8,963.32,True,False,False,False,False,True,False,False,False
2024-05-01,572.41,218.69,4,55.665,7.5,10,5,2,2024,17,410.69,19.9,652.8,14.93,275.25,361.1299999999999,319.34737778788786,258.2333333333333,254.3579731533232,365.3533333333333,296.5538452513023,652.8,652.8,True,False,False,False,False,True,False,False,False
2024-06-01,54.94,8.83,1,22.89,20.0,3,6,2,2024,18,572.41,410.69,19.9,110.59,175.88,334.3333333333332,284.0591143289251,351.1466666666666,249.4806739342081,390.1166666666666,300.72355092142,572.41,652.8,True,False,False,False,False,True,False,False,False
2024-07-01,817.21,302.52,5,51.078,12.0,22,7,3,2024,19,54.94,572.41,410.69,340.49,592.16,346.01333333333315,264.72835819634685,341.8716666666666,260.9818994042818,380.03833333333324,310.4261542646095,572.41,652.8,True,False,False,False,False,True,False,False,False
2024-08-01,354.18,114.87,4,27.957500000000003,8.75,14,8,3,2024,20,817.21,54.94,572.41,652.8,656.26,481.5199999999998,389.17814982344527,421.325,325.1539291320343,398.7925,330.5520464073561,817.21,817.21,True,False,False,False,False,True,False,False,False
2024-09-01,234.22,71.96,3,36.66666666666666,8.333333333333334,6,9,3,2024,21,354.18,817.21,54.94,19.9,171.97,408.7766666666666,384.05661722372827,371.5549999999999,304.8576212430977,373.6191666666666,320.5120349877204,817.21,817.21,True,False,False,False,False,True,False,False,False
2024-10-01,1557.95,646.53,6,53.29166666666666,5.833333333333333,38,10,4,2024,22,234.22,354.18,817.21,410.69,963.32,468.5366666666666,307.85941667152775,407.2749999999999,265.4185370127716,378.8066666666667,317.44067873407704,817.21,817.21,True,False,False,False,False,True,False,False,False
2024-11-01,1602.1799999999998,656.6700000000001,6,54.54166666666666,8.333333333333334,32,11,4,2024,23,1557.95,234.22,354.18,572.41,14.93,715.4499999999998,732.0876231025902,598.485,539.7978710128449,428.3591666666666,439.8049350969201,1557.95,1557.95,True,False,False,False,False,True,False,False,False
2024-12-01,599.81,213.13,4,43.425,6.25,18,12,4,2024,24,1602.1799999999998,1557.95,234.22,54.94,110.59,1131.4499999999998,777.3386185569323,770.1133333333333,676.2979737265716,560.63,532.9759488859784,1602.1799999999998,1602.1799999999998,True,False,False,False,False,True,False,False,False
2025-01-01,911.18,383.68,2,69.66499999999999,7.5,15,1,1,2025,25,599.81,1602.1799999999998,1557.95,817.21,340.49,1253.3133333333333,566.3824045936926,860.9250000000001,592.4431655694915,601.3983333333333,513.7873074060074,1602.1799999999998,1602.1799999999998,True,False,False,False,False,True,False,False,False
2025-02-01,485.12,169.5,3,41.53,8.333333333333334,14,2,1,2025,26,911.18,599.81,1602.1799999999998,354.18,652.8,1037.7233333333331,513.0266227334926,876.5866666666667,592.2984651564333,648.9558333333333,513.8537378292198,1602.1799999999998,1602.1799999999998,True,False,False,False,False,True,False,False,False
2025-03-01,132.02,40.31,2,44.74,7.5,3,3,1,2025,27,485.12,911.18,599.81,234.22,19.9,665.3699999999998,220.46624707650858,898.41,571.2385206899128,634.9825,516.0150329756083,911.18,1602.1799999999998,True,False,False,False,False,True,False,False,False
2025-08-01,1554.44,597.2,7,40.701428571428565,9.285714285714286,40,8,3,2025,32,1383.95,423.14,598.63,485.12,354.18,801.9066666666664,511.64442382706903,655.6733333333333,437.3322549122884,758.2991666666667,507.9036028879053,1383.95,1383.95,True,False,False,False,False,True,False,False,False
2025-09-01,429.03,147.23000000000002,3,57.57,15.0,10,9,3,2025,33,1554.44,1383.95,423.14,132.02,234.22,1120.51,609.9265510698808,762.8833333333332,570.9345786923986,819.735,557.8126248530544,1554.44,1554.44,True,False,False,False,False,True,False,False,False
2025-10-01,599.0699999999999,231.39,3,60.49333333333334,10.0,10,10,4,2025,34,429.03,1554.44,1383.95,,1557.95,1122.4733333333331,606.5595209320626,753.535,576.8210635110338,825.9725,552.5269414266355,1554.44,1554.44,True,False,False,False,False,True,False,False,False
2023-04-01,40.72,7.15,1,42.86,5.0,1,4,2,2023,4,394.05,582.24,185.18,,,387.1566666666667,198.61973575990208,387.1566666666667,198.61973575990208,387.1566666666667,198.61973575990208,582.24,582.24,True,False,False,False,False,False,True,False,False
2025-07-01,138.21,54.93,1,46.07,0.0,3,7,3,2025,31,204.72,56.7,329.91,,20.12,197.11,136.76388448709682,355.85666666666674,310.7741640913328,345.285,265.4901273459746,329.91,948.45,True,False,False,False,False,False,True,False,False
2025-08-01,338.72,117.75,1,79.7,15.0,5,8,3,2025,32,138.21,204.72,56.7,,,133.21,74.13656385347207,316.3916666666667,322.66440531404555,324.9041666666667,271.66569112717576,204.72,948.45,True,False,False,False,False,False,True,False,False
2025-09-01,231.54,81.44,2,46.465,5.0,6,9,3,2025,33,338.72,138.21,204.72,,375.0,227.2166666666667,102.13050491079196,214.77,109.17933064458673,313.57166666666666,267.6552579118871,338.72,338.72,True,False,False,False,False,False,True,False,False
2023-04-01,79.15,15.28,1,37.69,30.0,3,4,2,2023,4,370.97,253.97,214.4,,,279.78000000000003,81.41350195145766,279.78000000000003,81.41350195145766,279.78000000000003,81.41350195145766,370.97,370.97,True,False,False,False,False,False,False,True,False
2023-05-01,134.2,49.9,1,26.84,0.0,5,5,2,2023,5,79.15,370.97,253.97,,,234.6966666666667,146.86158154307523,229.6225,120.34064743468852,229.6225,120.34064743468852,370.97,370.97,True,False,False,False,False,False,False,True,False
2023-06-01,219.9,78.78999999999999,2,33.89,5.0,7,6,2,2023,6,134.2,79.15,370.97,,,194.77333333333334,155.05345734079373,210.538,112.616580795192,210.538,112.616580795192,370.97,370.97,True,False,False,False,False,False,False,True,False
2023-07-01,648.47,251.13,5,42.27,7.0,19,7,3,2023,7,219.9,134.2,79.15,214.4,,144.41666666666666,70.92901968400056,212.09833333333336,100.79981774123736,212.09833333333336,100.79981774123736,219.9,370.97,True,False,False,False,False,False,False,True,False
2023-08-01,1137.86,462.3200000000001,7,46.705714285714286,10.0,21,8,3,2023,8,648.47,219.9,134.2,253.97,,334.19,275.5268794509894,284.4433333333333,204.84880079382125,274.4371428571429,188.86518893241336,648.47,648.47,True,False,False,False,False,False,False,True,False
2023-09-01,802.65,265.04,5,66.298,13.0,11,9,3,2023,9,1137.86,648.47,219.9,370.97,,668.7433333333333,459.3156827644069,431.7583333333334,401.74526344023855,382.365,351.7978333808049,1137.86,1137.86,True,False,False,False,False,False,False,True,False
2023-10-01,129.12,46.9,1,33.98,5.0,4,10,4,2023,10,802.65,1137.86,648.47,79.15,,862.9933333333332,250.21317198207865,503.705,426.5685767493897,429.06333333333333,357.65641354517885,1137.86,1137.86,True,False,False,False,False,False,False,True,False
2023-11-01,41.11,12.63,1,45.68,10.0,1,11,4,2023,11,129.12,802.65,1137.86,134.2,,689.8766666666667,513.7387131931303,512.0333333333333,417.0022927355036,399.069,350.28786322268013,1137.86,1137.86,True,False,False,False,False,False,False,True,False
2023-12-01,543.84,181.18,4,31.445,12.5,20,12,4,2023,12,41.11,129.12,802.65,219.9,,324.29333333333324,416.5996464632842,496.5183333333334,435.20593458346434,366.52727272727276,349.39953142758816,802.65,1137.86,True,False,False,False,False,False,False,True,False
2024-01-01,774.4200000000001,252.87,5,52.364,14.0,18,1,1,2024,13,543.84,41.11,129.12,648.47,214.4,238.02333333333328,268.47591183071415,550.5083333333333,413.5826748507082,381.30333333333334,337.0487077380342,543.84,1137.86,True,False,False,False,False,False,False,True,False
2024-02-01,285.84000000000003,111.97,2,33.49,2.5,10,2,1,2024,14,774.4200000000001,543.84,41.11,1137.86,253.97,453.1233333333333,374.97736496131785,571.5,422.64623282362277,427.97166666666675,350.3464436248869,774.4200000000001,1137.86,True,False,False,False,False,False,False,True,False
2024-03-01,152.19,63.6,1,32.04,5.0,5,3,1,2024,15,285.84000000000003,774.4200000000001,543.84,802.65,370.97,534.6999999999999,244.41820472297064,429.49666666666667,326.49578757874764,430.62750000000005,349.0258033473639,774.4200000000001,802.65,True,False,False,False,False,False,False,True,False
2024-04-01,276.13,91.82,3,51.71,13.333333333333334,7,4,2,2024,16,152.19,285.84000000000003,774.4200000000001,129.12,79.15,404.1499999999999,327.5522634634052,321.08666666666664,282.8910409091577,412.3958333333333,358.0234661546981,774.4200000000001,774.4200000000001,True,False,False,False,False,False,False,True,False
2024-05-01,764.8299999999999,301.82,4,47.78,11.25,17,5,2,2024,17,276.13,152.19,285.84000000000003,41.11,134.2,238.05333333333328,74.51815237466221,345.58833333333337,268.96267989568133,428.8108333333334,345.6576065588167,285.84000000000003,774.4200000000001,True,False,False,False,False,False,False,True,False
2024-06-01,880.2199999999999,347.21000000000004,8,48.58625,6.25,18,6,2,2024,18,764.8299999999999,276.13,152.19,543.84,219.9,397.7166666666665,323.91268967629736,466.2083333333333,267.382134438086,481.3633333333334,344.7321944596555,764.8299999999999,774.4200000000001,True,False,False,False,False,False,False,True,False
2024-07-01,298.57,97.45,3,46.32666666666668,11.666666666666666,8,7,3,2024,19,880.2199999999999,764.8299999999999,276.13,774.4200000000001,648.47,640.3933333333332,320.6938493849442,522.2716666666666,317.4858829879947,536.39,351.8304734075515,880.2199999999999,880.2199999999999,True,False,False,False,False,False,False,True,False
2024-08-01,565.81,234.65,4,58.8175,5.0,10,8,3,2024,20,298.57,880.2199999999999,764.8299999999999,285.84000000000003,1137.86,647.8733333333332,307.958320285933,442.9633333333333,300.9023804270526,507.2316666666666,356.1697025763608,880.2199999999999,880.2199999999999,True,False,False,False,False,False,False,True,False
2024-09-01,445.46,176.17,4,21.965,7.5,20,9,3,2024,21,565.81,298.57,880.2199999999999,152.19,802.65,581.5333333333332,291.14360379945373,489.625,293.2749247890109,459.5608333333333,297.54979010268437,880.2199999999999,880.2199999999999,True,False,False,False,False,False,False,True,False
2024-10-01,401.74,133.93,5,39.966,11.0,13,10,4,2024,22,445.46,565.81,298.57,276.13,129.12,436.61333333333323,133.83946366200558,538.5033333333332,246.49727249336183,429.795,277.2841097469919,565.81,880.2199999999999,True,False,False,False,False,False,False,True,False
2024-11-01,428.75,147.23000000000002,4,39.3725,11.25,13,11,4,2024,23,401.74,445.46,565.81,764.8299999999999,41.11,471.0033333333333,84.96521425461899,559.4383333333334,224.07111580180668,452.5133333333334,261.10593601877844,565.81,880.2199999999999,True,False,False,False,False,False,False,True,False
2024-12-01,929.74,388.05,5,39.998000000000005,5.0,24,12,4,2024,24,428.75,401.74,445.46,880.2199999999999,543.84,425.3166666666666,22.06128811591283,503.425,203.52300476850286,484.81666666666666,227.3822047220108,445.46,880.2199999999999,True,False,False,False,False,False,False,True,False
2025-01-01,203.63,83.05,2,22.045,2.5,9,1,1,2025,25,929.74,428.75,401.74,298.57,774.4200000000001,586.7433333333332,297.3506684595367,511.6783333333333,222.02223739226372,516.975,261.25439623965275,929.74,929.74,True,False,False,False,False,False,False,True,False
2025-02-01,320.74,119.42,3,49.81999999999999,10.0,7,2,1,2025,26,203.63,929.74,428.75,565.81,285.84000000000003,520.7066666666666,371.6866347251853,495.855,242.67085368869505,469.40916666666664,262.0807498899505,929.74,929.74,True,False,False,False,False,False,False,True,False
2025-03-01,860.0699999999999,351.64,5,41.488,3.0,19,3,1,2025,27,320.74,203.63,929.74,445.46,152.19,484.7033333333332,389.8357526360728,455.01,249.08126914724053,472.31749999999994,260.04420872840416,929.74,929.74,True,False,False,False,False,False,False,True,False
2025-04-01,77.03,24.24,1,90.62,15.0,1,4,2,2025,28,860.0699999999999,320.74,203.63,401.74,276.13,461.47999999999985,350.12023520499355,524.1116666666667,298.50948135137463,531.3075,261.1104676055363,860.0699999999999,929.74,True,False,False,False,False,False,False,True,False
2025-05-01,806.47,325.84,6,46.75333333333333,10.0,19,5,2,2025,29,77.03,860.0699999999999,320.74,428.75,764.8299999999999,419.2799999999999,400.7125018014786,469.99333333333334,350.1068351613072,514.7158333333333,284.1117784015917,860.0699999999999,929.74,True,False,False,False,False,False,False,True,False
2025-06-01,492.35,210.17,2,68.045,10.0,8,6,2,2025,30,806.47,77.03,860.0699999999999,929.74,880.2199999999999,581.1899999999999,437.4371031359823,532.9466666666666,374.3289413693078,518.1858333333333,287.6761808782524,860.0699999999999,929.74,True,False,False,False,False,False,False,True,False
2025-07-01,655.53,255.49,3,56.56333333333333,6.666666666666667,15,7,3,2025,31,492.35,806.47,77.03,203.63,298.57,458.6166666666666,365.88814101215877,460.04833333333335,320.2901558535115,485.8633333333333,264.12725236602193,806.47,860.0699999999999,True,False,False,False,False,False,False,True,False
2025-08-01,53.12,11.02,2,28.505,7.5,2,8,3,2025,32,655.53,492.35,806.47,320.74,565.81,651.4499999999999,157.0997402925927,535.365,300.4516727695155,515.61,261.20087616447785,806.47,860.0699999999999,True,False,False,False,False,False,False,True,False
2025-09-01,152.25,42.64,3,22.636666666666667,16.666666666666668,10,9,3,2025,33,53.12,655.53,492.35,860.0699999999999,445.46,400.33333333333326,311.5682144143291,490.7616666666666,353.81227895123527,472.8858333333333,292.3194986019215,655.53,860.0699999999999,True,False,False,False,False,False,False,True,False
2025-10-01,2662.89,1208.73,7,68.74857142857142,3.571428571428572,41,10,4,2025,34,152.25,53.12,655.53,77.03,401.74,286.9666666666666,323.01066117596383,372.7916666666667,322.68114964569406,448.45166666666665,306.71994943072724,655.53,806.47,True,False,False,False,False,False,False,True,False
2023-08-01,819.8,329.96000000000004,4,80.30000000000001,10.0,10,8,3,2023,8,142.12,63.27,227.06,1468.85,,144.15,81.91386756831793,406.84833333333336,526.4730993855874,406.84833333333336,526.4730993855874,227.06,1468.85,True,False,False,False,False,False,False,False,True
2024-06-01,38.26,3.38,1,47.83,20.0,1,6,2,2024,18,479.7,370.36,92.86,,63.27,314.3066666666667,199.4186012721313,365.11833333333334,259.18013183241237,432.26000000000005,412.82849025186755,479.7,779.58,True,False,False,False,False,False,False,False,True
2023-04-01,616.41,191.95,3,97.12666666666668,6.666666666666667,7,4,2,2023,4,4841.03,377.48,3242.82,,,2820.443333333333,2261.5528264962845,2820.443333333333,2261.5528264962845,2820.443333333333,2261.5528264962845,4841.03,4841.03,False,True,False,False,True,False,False,False,False
2023-05-01,1749.7800000000002,552.35,3,99.4,15.0,19,5,2,2023,5,616.41,4841.03,377.48,,,1944.9733333333334,2510.9022379681237,2269.435,2150.3925668661836,2269.435,2150.3925668661836,4841.03,4841.03,False,True,False,False,True,False,False,False,False
2023-06-01,700.38,206.82,3,214.9,8.333333333333334,4,6,2,2023,6,1749.7800000000002,616.41,4841.03,,,2402.4066666666663,2186.61718429023,2165.504,1876.7390355427683,2165.504,1876.7390355427683,4841.03,4841.03,False,True,False,False,True,False,False,False,False
2023-07-01,4568.56,1648.84,5,188.084,9.0,22,7,3,2023,7,700.38,1749.7800000000002,616.41,3242.82,,1022.19,631.5086272569825,1921.3166666666666,1781.988846369883,1921.3166666666666,1781.988846369883,1749.7800000000002,4841.03,False,True,False,False,True,False,False,False,False
2023-08-01,636.22,157.95,2,97.935,15.0,8,8,3,2023,8,4568.56,700.38,1749.7800000000002,377.48,,2339.5733333333337,2000.3990252280505,2142.273333333333,2041.8626965363433,2299.4942857142855,1909.8075962415442,4568.56,4841.03,False,True,False,False,True,False,False,False,False
2023-09-01,1415.07,474.87,4,179.43,5.0,10,9,3,2023,9,636.22,4568.56,700.38,4841.03,,1968.3866666666665,2252.044659622303,2185.396666666667,1999.4279061638274,2091.585,1863.3633764474696,4568.56,4841.03,False,True,False,False,True,False,False,False,False
2023-10-01,2938.99,929.6,5,145.89,10.0,20,10,4,2023,10,1415.07,636.22,4568.56,616.41,,2206.616666666667,2082.242556243949,1614.4033333333334,1521.405548283122,2016.4166666666667,1757.5437956492008,4568.56,4568.56,False,True,False,False,True,False,False,False,False
2023-11-01,1963.3,476.21,3,174.6233333333333,16.666666666666668,11,11,4,2023,11,2938.99,1415.07,636.22,1749.7800000000002,,1663.4266666666665,1171.301922491948,2001.5,1512.1408915706236,2108.674,1682.5149478893527,2938.99,4568.56,False,True,False,False,True,False,False,False,False
2023-12-01,2927.84,849.18,9,141.38555555555556,7.222222222222222,24,12,4,2023,12,1963.3,2938.99,1415.07,700.38,,2105.7866666666664,771.8872192447119,2037.0866666666664,1507.5376079112148,2095.458181818182,1596.7755419082432,2938.99,4568.56,False,True,False,False,True,False,False,False,False
2024-01-01,204.53,29.95,2,113.645,15.0,3,1,1,2024,13,2927.84,1963.3,2938.99,4568.56,3242.82,2610.0433333333335,560.123901501565,2408.33,1381.526352206139,2164.8233333333333,1541.3112042751918,2938.99,4568.56,False,True,False,False,True,False,False,False,False
2024-02-01,2341.66,654.84,2,246.155,17.5,8,2,1,2024,14,204.53,2927.84,1963.3,636.22,377.48,1698.5566666666666,1380.8226220023093,1680.9916666666666,1145.3462174804033,1911.6325,1596.685443918261,2927.84,2938.99,False,True,False,False,True,False,False,False,False
2024-03-01,131.08,26.06,1,36.41,10.0,4,3,1,2024,15,2341.66,204.53,2927.84,1415.07,4841.03,1824.676666666667,1433.3730024781871,1965.2316666666666,1041.0831220496598,2075.3141666666666,1524.146496671965,2927.84,2938.99,False,True,False,False,True,False,False,False,False
2024-04-01,1470.95,359.07,6,151.48833333333334,15.0,14,4,2,2024,16,131.08,2341.66,204.53,2938.99,616.41,892.4233333333333,1255.6129629122704,1751.2333333333333,1281.0880603559879,1682.8183333333334,1342.84212333958,2341.66,2938.99,False,True,False,False,True,False,False,False,False
2024-05-01,1182.36,435.79,3,106.16666666666669,0.0,10,5,2,2024,17,1470.95,131.08,2341.66,1963.3,1749.7800000000002,1314.5633333333333,1113.5567234017904,1506.5600000000002,1141.449578334497,1754.0299999999997,1303.222679988483,2341.66,2927.84,False,True,False,False,True,False,False,False,False
2024-06-01,931.61,301.25,3,98.10666666666668,3.333333333333333,13,6,2,2024,18,1182.36,1470.95,131.08,2927.84,700.38,928.13,705.186198035666,1376.4033333333334,1123.333019592439,1706.745,1313.643128572389,1470.95,2927.84,False,True,False,False,True,False,False,False,False
2024-07-01,302.99,73.96,2,47.45,7.5,7,7,3,2024,19,931.61,1182.36,1470.95,204.53,4568.56,1194.9733333333334,269.89114663755004,1043.6983333333333,828.9891484311885,1726.0141666666666,1299.1552887546748,1470.95,2341.66,False,True,False,False,True,False,False,False,False
2024-08-01,824.51,277.92,2,129.46,5.0,7,8,3,2024,20,302.99,931.61,1182.36,2341.66,636.22,805.6533333333333,453.0140291793738,1060.1083333333333,809.807959442649,1370.5500000000002,999.7510047370429,1182.36,2341.66,False,True,False,False,True,False,False,False,False
2024-09-01,1037.32,270.1,2,131.935,15.0,8,9,3,2024,21,824.51,302.99,931.61,131.08,1415.07,686.37,336.3075538848287,807.25,511.55694420074127,1386.2408333333333,988.593467871108,931.61,1470.95,False,True,False,False,True,False,False,False,False
2024-10-01,3364.4300000000003,819.44,4,130.64,11.25,23,10,4,2024,22,1037.32,824.51,302.99,1470.95,2938.99,721.6066666666666,377.82530253191135,958.29,391.73980706586406,1354.7616666666665,993.5936092499909,1037.32,1470.95,False,True,False,False,True,False,False,False,False
2024-11-01,4632.52,1396.93,6,147.16166666666666,8.333333333333334,31,11,4,2024,23,3364.4300000000003,1037.32,824.51,1182.36,1963.3,1742.0866666666668,1409.0139965356389,1273.8700000000001,1067.3748533481573,1390.2150000000001,1060.5922443058962,3364.4300000000003,3364.4300000000003,False,True,False,False,True,False,False,False,False
2024-12-01,1667.44,653.71,1,416.86,0.0,4,12,4,2024,24,4632.52,3364.4300000000003,1037.32,931.61,2927.84,3011.4233333333336,1823.4105516951845,1848.8966666666668,1731.1653373339789,1612.6500000000003,1413.0496465768317,4632.52,4632.52,False,True,False,False,True,False,False,False,False
2025-01-01,818.61,270.88,3,135.5666666666667,5.0,6,1,1,2025,25,1667.44,4632.52,3364.4300000000003,302.99,204.53,3221.4633333333336,1487.7010628595174,1971.535,1678.4479648860138,1507.6166666666668,1351.924403994229,4632.52,4632.52,False,True,False,False,True,False,False,False,False
2025-06-01,1246.55,268.31,5,118.668,15.0,11,6,2,2025,30,4707.99,884.1600000000001,1310.21,1667.44,931.61,2300.786666666667,2095.554954333895,2336.8216666666667,1833.5684342332763,1805.3458333333335,1534.3316620213052,4707.99,4707.99,False,True,False,False,True,False,False,False,False
2025-07-01,1698.42,547.61,5,187.726,7.0,11,7,3,2025,31,1246.55,4707.99,884.1600000000001,818.61,302.99,2279.566666666667,2110.867485758718,1772.493333333333,1470.8860375796173,1810.695,1532.0725182130368,4707.99,4707.99,False,True,False,False,True,False,False,False,False
2025-08-01,404.57,109.6,2,50.305,12.5,7,8,3,2025,32,1698.42,1246.55,4707.99,,824.51,2550.986666666667,1881.6333753506108,1777.6566666666665,1470.4978322686052,1874.5958333333335,1507.8739895534936,4707.99,4707.99,False,True,False,False,True,False,False,False,False
2025-09-01,2358.39,680.52,8,137.68,8.125,25,9,3,2025,33,404.57,1698.42,1246.55,1310.21,1037.32,1116.5133333333335,656.6537189671049,1708.6500000000003,1532.8955827844243,1883.0608333333332,1498.5051591712586,1698.42,4707.99,False,True,False,False,True,False,False,False,False
2025-10-01,1496.77,450.7,4,109.2825,10.0,17,10,4,2025,34,2358.39,404.57,1698.42,884.1600000000001,3364.4300000000003,1487.126666666667,993.8997950665503,1883.3466666666666,1538.1247296973893,2010.8841666666667,1465.0484673363871,2358.39,4707.99,False,True,False,False,True,False,False,False,False
2025-11-01,1354.51,435.14,6,132.855,6.666666666666667,11,11,4,2025,35,1496.77,2358.39,404.57,4707.99,4632.52,1419.91,979.175031748664,1985.448333333333,1477.6777350209577,2049.1716666666666,1443.132077555515,2358.39,4707.99,False,True,False,False,True,False,False,False,False
2025-12-01,3098.87,868.61,5,120.788,9.0,25,12,4,2025,36,1354.51,1496.77,2358.39,1246.55,1667.44,1736.556666666667,543.2006974713225,1426.5349999999999,637.0561688815205,1881.6783333333333,1392.3470790250888,2358.39,2358.39,False,True,False,False,True,False,False,False,False
2023-04-01,1552.42,455.13,3,180.9,8.333333333333334,12,4,2,2023,4,969.68,1815.65,1058.14,,,1281.1566666666668,464.9931563295673,1281.1566666666668,464.9931563295673,1281.1566666666668,464.9931563295673,1815.65,1815.65,False,True,False,False,False,True,False,False,False
2023-05-01,583.57,150.2,2,221.99,12.5,3,5,2,2023,5,1552.42,969.68,1815.65,,,1445.9166666666667,432.92439320663533,1348.9725,403.1646139709354,1348.9725,403.1646139709354,1815.65,1815.65,False,True,False,False,False,True,False,False,False
2023-06-01,4142.93,1458.63,4,146.2225,6.25,19,6,2,2023,6,583.57,1552.42,969.68,,,1035.2233333333336,487.7391998120855,1195.892,488.9524280234223,1195.892,488.9524280234223,1552.42,1815.65,False,True,False,False,False,True,False,False,False
2023-07-01,827.61,243.13,3,108.77333333333333,13.333333333333334,7,7,3,2023,7,4142.93,583.57,1552.42,1058.14,,2092.9733333333334,1840.219914041073,1687.0649999999998,1280.1426002871713,1687.0649999999998,1280.1426002871713,4142.93,4142.93,False,True,False,False,False,True,False,False,False
2023-08-01,858.92,247.68,3,120.20333333333332,13.333333333333334,7,8,3,2023,8,827.61,4142.93,583.57,1815.65,,1851.37,1988.2968353844958,1648.6433333333334,1305.9926707247125,1564.2857142857142,1212.9141912058626,4142.93,4142.93,False,True,False,False,False,True,False,False,False
2023-09-01,1272.86,322.87,2,75.36,15.0,20,9,3,2023,9,858.92,827.61,4142.93,969.68,,1943.1533333333334,1905.1267979935967,1489.1883333333335,1339.4999525407482,1476.115,1150.2989178842665,4142.93,4142.93,False,True,False,False,False,True,False,False,False
2023-10-01,4541.85,1560.11,3,296.1366666666667,5.0,18,10,4,2023,10,1272.86,858.92,827.61,1552.42,,986.4633333333333,248.52035537020802,1539.7183333333332,1321.5816258017007,1453.5311111111112,1078.137022256963,1272.86,4142.93,False,True,False,False,False,True,False,False,False
2023-11-01,1723.16,462.53,4,119.9175,15.0,19,11,4,2023,11,4541.85,1272.86,858.92,583.57,,2224.5433333333335,2017.49082313485,2037.9566666666667,1803.1125621620706,1762.363,1409.6089967556409,4541.85,4541.85,False,True,False,False,False,True,False,False,False
2023-12-01,2338.93,719.49,7,112.11285714285714,8.571428571428571,27,12,4,2023,12,1723.16,4541.85,1272.86,4142.93,,2512.6233333333334,1771.726042883982,2227.8883333333333,1674.7230634515865,1758.799090909091,1337.3247501220826,4541.85,4541.85,False,True,False,False,False,True,False,False,False
2024-01-01,154.2,47.74,1,81.16,5.0,2,1,1,2024,13,2338.93,1723.16,4541.85,827.61,1058.14,2867.98,1481.9493094907125,1927.2216666666666,1401.858031063298,1807.1433333333334,1286.039754626111,4541.85,4541.85,False,True,False,False,False,True,False,False,False
2024-02-01,656.78,242.71,2,179.49,0.0,3,2,1,2024,14,154.2,2338.93,1723.16,858.92,1815.65,1405.43,1126.4881525786234,1814.9866666666667,1528.7190414156116,1731.8150000000003,1358.3413726607234,2338.93,4541.85,False,True,False,False,False,True,False,False,False
2024-03-01,1744.91,552.5,3,129.54999999999998,6.666666666666667,12,3,1,2024,15,656.78,154.2,2338.93,1272.86,969.68,1049.97,1144.2071819823543,1781.2966666666664,1555.9870599033486,1635.2425,1392.602570154986,2338.93,4541.85,False,True,False,False,False,True,False,False,False
2024-08-01,225.15,77.66,1,75.05,0.0,3,8,3,2024,20,7692.67,1072.0,515.8199999999999,656.78,858.92,3093.4966666666664,3992.697153633535,1972.7300000000002,2854.5504935243307,1949.9758333333336,2144.221310700665,7692.67,7692.67,False,True,False,False,False,True,False,False,False
2024-09-01,650.53,202.11,3,58.94,3.333333333333333,12,9,3,2024,21,225.15,7692.67,1072.0,1744.91,1272.86,2996.6066666666666,4088.8931086093867,1984.555,2845.64362182442,1899.7708333333333,2179.6498448790026,7692.67,7692.67,False,True,False,False,False,True,False,False,False
2024-10-01,2972.33,940.11,3,226.19333333333336,10.0,17,10,4,2024,22,650.53,225.15,7692.67,,4541.85,2856.116666666667,4193.974623878086,1983.5133333333333,2846.2279547405665,1882.405,2189.504328412338,7692.67,7692.67,False,True,False,False,False,True,False,False,False
2024-11-01,1699.85,640.5500000000001,2,157.59,7.5,9,11,4,2024,23,2972.33,650.53,225.15,515.8199999999999,1723.16,1282.6699999999998,1478.6650137201477,2188.0833333333335,2869.6620495080374,2024.0275000000001,2201.4237016081825,2972.33,7692.67,False,True,False,False,False,True,False,False,False
2024-12-01,3205.3900000000003,979.83,4,183.525,10.0,18,12,4,2024,24,1699.85,2972.33,650.53,1072.0,2338.93,1774.2366666666665,1162.6860462452178,2385.4216666666666,2770.6697391382954,1787.194166666667,2053.8546914763083,2972.33,7692.67,False,True,False,False,False,True,False,False,False
2025-01-01,2146.35,742.9,4,149.39999999999998,5.0,15,1,1,2025,25,3205.3900000000003,1699.85,2972.33,7692.67,154.2,2625.8566666666666,810.3675097962247,2740.986666666666,2704.5061210776857,1910.7133333333334,2093.835221081741,3205.3900000000003,7692.67,False,True,False,False,False,True,False,False,False
2025-02-01,455.94,69.93,4,38.955,15.0,14,2,1,2025,26,2146.35,3205.3900000000003,1699.85,225.15,656.78,2350.53,773.2591914746322,1816.6000000000001,1206.5858833419197,1894.665,2090.9908438671755,3205.3900000000003,3205.3900000000003,False,True,False,False,False,True,False,False,False
2025-03-01,1467.71,473.54,5,109.024,9.0,13,3,1,2025,27,455.94,2146.35,3205.3900000000003,650.53,1744.91,1935.8933333333332,1386.7544238376656,1855.0649999999998,1147.9592906675746,1919.8099999999997,2069.8659104044746,3205.3900000000003,3205.3900000000003,False,True,False,False,False,True,False,False,False
2025-04-01,3337.31,1247.99,5,152.004,3.0,18,4,2,2025,28,1467.71,455.94,2146.35,2972.33,,1356.6666666666667,850.6582500824508,1991.2616666666665,1017.5357293857882,1987.3875,2037.8719462987274,2146.35,3205.3900000000003,False,True,False,False,False,True,False,False,False
2025-05-01,4824.52,1634.81,8,153.4725,8.75,28,5,2,2025,29,3337.31,1467.71,455.94,1699.85,515.8199999999999,1753.6533333333334,1461.8125603624208,2052.0916666666667,1095.8142279130473,2120.0875,2072.204068193728,3337.31,3337.31,False,True,False,False,False,True,False,False,False
2025-06-01,2670.72,906.96,5,158.004,9.0,13,6,2,2025,30,4824.52,3337.31,1467.71,3205.3900000000003,1072.0,3209.846666666667,1682.0310698775252,2572.8700000000003,1545.2552117627697,2479.1458333333335,2141.102795657408,4824.52,4824.52,False,True,False,False,False,True,False,False,False
2025-07-01,4425.33,1433.18,10,155.946,8.0,24,7,3,2025,31,2670.72,4824.52,3337.31,2146.35,7692.67,3610.85,1102.6475904385761,2483.7583333333337,1516.63549244262,2612.3725,2094.824404136516,4824.52,4824.52,False,True,False,False,False,True,False,False,False
2025-08-01,378.73,101.45,1,222.78,15.0,2,8,3,2025,32,4425.33,2670.72,4824.52,455.94,225.15,3973.523333333333,1145.7794543599261,2863.588333333333,1690.6298982736193,2340.0941666666663,1503.2978427592768,4824.52,4824.52,False,True,False,False,False,True,False,False,False
2025-09-01,3618.11,1292.29,7,142.3242857142857,7.142857142857143,25,9,3,2025,33,378.73,4425.33,2670.72,1467.71,650.53,2491.593333333333,2029.2381974606465,2850.7200000000007,1712.7699285309752,2352.8925000000004,1484.1876701544975,4425.33,4824.52,False,True,False,False,False,True,False,False,False
2025-10-01,2901.77,985.89,4,235.9725,5.0,12,10,4,2025,34,3618.11,378.73,4425.33,3337.31,2972.33,2807.39,2141.656620189147,3209.1200000000003,1585.7724636529676,2600.1908333333336,1420.6209620345492,4425.33,4824.52,False,True,False,False,False,True,False,False,False
2025-11-01,6022.43,1709.73,9,170.2733333333333,9.444444444444445,38,11,4,2025,35,2901.77,3618.11,378.73,4824.52,1699.85,2299.536666666667,1701.590267054127,3136.53,1588.6967634007449,2594.3108333333334,1419.0858336872961,3618.11,4824.52,False,True,False,False,False,True,False,False,False
2025-12-01,2753.13,902.42,6,158.3733333333333,8.333333333333334,22,12,4,2025,36,6022.43,2901.77,3618.11,2670.72,3205.3900000000003,4180.77,1634.6465720760548,3336.181666666667,1889.9593049631173,2954.525833333333,1693.4830519830384,6022.43,6022.43,False,True,False,False,False,True,False,False,False
2023-06-01,1360.62,453.92,4,71.14,5.0,22,6,2,2023,6,592.4100000000001,2721.92,486.21,,,1266.8466666666666,1261.2487518460953,1298.765,1031.781984093539,1298.765,1031.781984093539,2721.92,2721.92,False,True,False,False,False,False,True,False,False
2023-07-01,2833.06,669.85,7,120.47857142857144,12.857142857142858,22,7,3,2023,7,1360.62,592.4100000000001,2721.92,1394.52,,1558.3166666666666,1078.4322830077617,1311.136,893.977491456021,1311.136,893.977491456021,2721.92,2721.92,False,True,False,False,False,False,True,False,False
2023-08-01,79.61,12.83,1,44.23,10.0,2,8,3,2023,8,2833.06,1360.62,592.4100000000001,,,1595.3633333333335,1138.620406471504,1564.79,1012.6197284667132,1564.79,1012.6197284667132,2833.06,2833.06,False,True,False,False,False,False,True,False,False
2023-09-01,925.72,323.49,2,100.355,5.0,9,9,3,2023,9,79.61,2833.06,1360.62,486.21,,1424.43,1377.8336302689088,1345.638333333333,1184.5333776541152,1352.6214285714286,1081.483910027153,2833.06,2833.06,False,True,False,False,False,False,True,False,False
2023-10-01,730.87,182.77,4,76.38499999999999,13.75,12,10,4,2023,10,925.72,79.61,2833.06,2721.92,,1279.4633333333334,1410.3979881697694,1418.89,1133.2357319110617,1299.25875,1012.5716138262942,2833.06,2833.06,False,True,False,False,False,False,True,False,False
2024-12-01,321.71,104.98,1,84.66,5.0,4,12,4,2024,24,1137.58,179.65,124.22,,539.72,480.4833333333333,569.736907031073,718.145,664.3685250747508,803.0225,816.0815284263185,1137.58,1531.16,False,True,False,False,False,False,True,False,False
2025-01-01,1117.68,325.33,3,188.22000000000003,11.666666666666666,8,1,1,2025,25,321.71,1137.58,179.65,,218.42,546.3133333333333,516.9549924638832,560.25,618.2190605926024,593.7433333333333,514.4207605264447,1137.58,1531.16,False,True,False,False,False,False,True,False,False
2025-10-01,515.39,140.42,2,89.29499999999999,10.0,6,10,4,2025,34,718.45,377.92,432.8,,179.65,509.72333333333336,182.83344779698695,587.5950000000001,286.6524907095694,573.9225,459.650611742223,718.45,1117.68,False,True,False,False,False,False,True,False,False
2023-04-01,2141.19,791.6800000000001,4,249.7,2.5,9,4,2,2023,4,437.45,5300.34,2277.65,,,2671.813333333333,2455.2898684337324,2671.813333333333,2455.2898684337324,2671.813333333333,2455.2898684337324,5300.34,5300.34,False,True,False,False,False,False,False,True,False
2023-05-01,1418.41,471.36,4,165.7025,10.0,10,5,2,2023,5,2141.19,437.45,5300.34,,,2626.3266666666664,2467.477046911143,2539.1575,2022.2155768261537,2539.1575,2022.2155768261537,5300.34,5300.34,False,True,False,False,False,False,False,True,False
2023-06-01,4499.74,1489.07,6,157.15166666666667,10.0,30,6,2,2023,6,1418.41,2141.19,437.45,,,1332.3499999999997,855.1241077177052,2315.008,1821.60145781672,2315.008,1821.60145781672,2141.19,5300.34,False,True,False,False,False,False,False,True,False
2023-11-01,961.94,289.7,3,154.74333333333334,8.333333333333334,9,11,4,2023,11,622.38,2861.7200000000003,843.06,1418.41,,1442.3866666666663,1234.1212456372898,2064.4166666666665,1453.3336132170984,2266.882222222222,1708.641677398876,2861.7200000000003,4499.74,False,True,False,False,False,False,False,True,False
2023-12-01,3502.22,948.96,6,185.86666666666667,15.833333333333334,21,12,4,2023,12,961.94,622.38,2861.7200000000003,4499.74,,1482.013333333333,1206.8629221802016,1867.875,1519.1235533655583,2136.388,1662.9370883055744,2861.7200000000003,4499.74,False,True,False,False,False,False,False,True,False
2024-01-01,1970.39,694.35,4,168.865,7.5,11,1,1,2024,13,3502.22,961.94,622.38,,2277.65,1695.513333333333,1573.8382963104357,2215.1766666666667,1629.9715309620185,2260.5545454545454,1630.464481308094,3502.22,4499.74,False,True,False,False,False,False,False,True,False
2024-02-01,3815.16,1405.39,5,204.846,8.0,15,2,1,2024,14,1970.39,3502.22,961.94,843.06,5300.34,2144.85,1279.0945384528857,1793.618333333333,1188.1463105597168,2236.374166666667,1556.841891396918,3502.22,3502.22,False,True,False,False,False,False,False,True,False
2024-03-01,555.27,212.74,1,185.09,0.0,3,3,1,2024,15,3815.16,1970.39,3502.22,2861.7200000000003,437.45,3095.9233333333336,987.219238180321,2288.9683333333332,1324.3336518025458,2364.5,1622.4333488481261,3815.16,3815.16,False,True,False,False,False,False,False,True,False
2024-04-01,945.56,331.51,2,129.765,7.5,6,4,2,2024,16,555.27,3815.16,1970.39,622.38,2141.19,2113.6066666666666,1634.6571393516545,1904.5600000000002,1453.2959055471117,1969.0775,1405.6069194229037,3815.16,3815.16,False,True,False,False,False,False,False,True,False
2024-05-01,3867.33,1458.8,4,157.1475,5.0,21,5,2,2024,17,945.56,555.27,3815.16,961.94,1418.41,1771.9966666666662,1780.1597894664778,1958.4233333333332,1401.3302851885655,2011.42,1362.2584709224604,3815.16,3815.16,False,True,False,False,False,False,False,True,False
2024-06-01,868.97,319.86,2,222.555,2.5,4,6,2,2024,18,3867.33,945.56,555.27,3502.22,4499.74,1789.3866666666663,1810.1016389786887,2442.655,1487.4606971177423,2155.265,1464.5040930604832,3867.33,3867.33,False,True,False,False,False,False,False,True,False
2024-07-01,2081.32,664.1899999999999,6,140.355,10.0,15,7,3,2024,19,868.97,3867.33,945.56,1970.39,,1893.9533333333331,1709.423326280923,2003.7799999999997,1500.7221943850898,2109.478333333333,1497.845031866741,3867.33,3867.33,False,True,False,False,False,False,False,True,False
2024-08-01,2925.17,826.78,5,212.18,10.0,14,8,3,2024,20,2081.32,868.97,3867.33,3815.16,843.06,2272.5399999999995,1508.298540972576,2022.2683333333334,1500.9118676513508,1907.9433333333334,1296.1124711391462,3867.33,3867.33,False,True,False,False,False,False,False,True,False
2024-09-01,818.03,240.33,4,176.38500000000002,7.5,8,9,3,2024,21,2925.17,2081.32,868.97,555.27,2861.7200000000003,1958.4866666666665,1033.5887145442982,1873.9366666666665,1321.5475294920975,2081.4525,1279.8611900239594,2925.17,3867.33,False,True,False,False,False,False,False,True,False
2024-10-01,2720.68,860.79,7,199.26714285714283,10.0,21,10,4,2024,22,818.03,2925.17,2081.32,945.56,622.38,1941.5066666666662,1060.5048661054484,1917.7299999999998,1272.555644221501,1911.1449999999998,1302.3703784847635,2925.17,3867.33,False,True,False,False,False,False,False,True,False
2024-11-01,911.36,298.74,3,82.06333333333333,5.0,11,11,4,2024,23,2720.68,818.03,2925.17,3867.33,961.94,2154.6266666666666,1162.0335739699324,2213.5833333333335,1205.9376735746614,2086.0033333333336,1253.5542589143975,2925.17,3867.33,False,True,False,False,False,False,False,True,False
2024-12-01,3575.3700000000003,1326.11,4,164.055,5.0,18,12,4,2024,24,911.36,2720.68,818.03,868.97,3502.22,1483.3566666666663,1072.5690633396691,1720.9216666666669,977.347719932198,2081.7883333333334,1257.7554491657195,2720.68,2925.17,False,True,False,False,False,False,False,True,False
2025-01-01,3246.02,1107.1699999999998,6,133.32833333333335,8.333333333333334,24,1,1,2025,25,3575.3700000000003,911.36,2720.68,2081.32,1970.39,2402.47,1360.2134108661041,2171.9883333333332,1119.6814708017039,2087.8841666666667,1265.4194645575278,3575.3700000000003,3575.3700000000003,False,True,False,False,False,False,False,True,False
2025-02-01,915.54,319.77,4,161.3075,2.5,6,2,1,2025,26,3246.02,3575.3700000000003,911.36,2925.17,3815.16,2577.5833333333335,1452.3577393443168,2366.105,1198.9719407016999,2194.1866666666665,1307.531390385112,3575.3700000000003,3575.3700000000003,False,True,False,False,False,False,False,True,False
2025-07-01,1632.53,444.98,5,112.554,10.0,17,7,3,2025,31,7334.84,1637.48,3814.24,3246.02,2081.32,4262.1866666666665,2874.9730267488308,3420.5816666666665,2235.4194994444933,2570.7516666666666,1869.0803977932978,7334.84,7334.84,False,True,False,False,False,False,False,True,False
2025-08-01,1722.89,580.26,5,94.306,5.0,22,8,3,2025,32,1632.53,7334.84,1637.48,915.54,2925.17,3534.9500000000003,3290.8022023056933,3096.775,2346.4682602903454,2634.3816666666667,1818.1831740795706,7334.84,7334.84,False,True,False,False,False,False,False,True,False
2025-09-01,1263.49,423.89,2,224.26,7.5,8,9,3,2025,33,1722.89,1632.53,7334.84,,818.03,3563.4199999999996,3266.457996775712,2842.92,2408.659305082394,2604.5125000000003,1830.993879276424,7334.84,7334.84,False,True,False,False,False,False,False,True,False
2025-10-01,1540.2800000000002,485.73,4,111.6375,7.5,24,10,4,2025,34,1263.49,1722.89,1632.53,3814.24,2720.68,1539.6366666666663,243.38029610740787,2900.911666666667,2356.6003267369433,2466.039166666667,1867.0186781480757,1722.89,7334.84,False,True,False,False,False,False,False,True,False
2025-11-01,471.83,74.16,2,179.805,15.0,3,11,4,2025,35,1540.2800000000002,1263.49,1722.89,1637.48,911.36,1508.8866666666665,231.3033636446507,2521.9183333333335,2363.1825874224505,2526.226666666667,1820.1141719799955,1722.89,7334.84,False,True,False,False,False,False,False,True,False
2023-10-01,2007.12,435.41,4,215.275,18.75,14,10,4,2023,10,999.25,667.17,16.91,,,561.11,499.68441200421694,891.9216666666666,724.5892109165486,891.9216666666666,724.5892109165486,999.25,2085.91,False,True,False,False,False,False,False,False,True
2024-03-01,382.35,106.72,3,94.99,6.666666666666667,4,3,1,2024,15,1300.1,222.26,1093.52,999.25,1210.4,871.96,572.0589057081448,1048.2366666666665,602.4602754926391,997.4529999999999,700.2495198149808,1300.1,2007.12,False,True,False,False,False,False,False,False,True
2024-04-01,2813.8,879.8100000000001,2,243.38,15.0,10,4,2,2024,16,382.35,1300.1,222.26,2007.12,,634.9033333333333,581.6116883568739,1000.7666666666665,647.9914753657384,941.5345454545454,689.7173770083459,1300.1,2007.12,False,True,False,False,False,False,False,False,True
2023-04-01,152.01,15.47,5,10.736,6.0,15,4,2,2023,4,184.77,213.01,118.01,,,171.92999999999998,48.78421056038521,171.92999999999998,48.78421056038521,171.92999999999998,48.78421056038521,213.01,213.01,False,False,True,False,True,False,False,False,False
2023-05-01,127.28,-12.409999999999998,5,9.54,13.0,19,5,2,2023,5,152.01,184.77,213.01,,,183.26333333333332,30.527897623867485,166.95,41.05850784754198,166.95,41.05850784754198,213.01,213.01,False,False,True,False,True,False,False,False,False
2023-06-01,56.53,-14.6,3,8.183333333333334,10.0,9,6,2,2023,6,127.28,152.01,184.77,,,154.68666666666667,28.83831536919826,159.016,39.73779787557433,159.016,39.73779787557433,184.77,213.01,False,False,True,False,True,False,False,False,False
2023-07-01,126.7,12.9,4,12.32,6.25,12,7,3,2023,7,56.53,127.28,152.01,118.01,,111.93999999999998,49.55395342452513,141.935,54.89842830172827,141.935,54.89842830172827,152.01,213.01,False,False,True,False,True,False,False,False,False
2023-08-01,291.65,68.58,5,15.424,9.0,21,8,3,2023,8,126.7,56.53,127.28,213.01,,103.50333333333333,40.68113362891133,143.38333333333333,54.251821597681555,139.75857142857143,50.444911348444066,127.28,213.01,False,False,True,False,True,False,False,False,False
2023-09-01,83.22,-16.88,5,8.472,7.0,12,9,3,2023,9,291.65,126.7,56.53,184.77,,158.29333333333332,120.70193715650687,156.49,78.51206811694618,158.745,71.16907916062584,291.65,291.65,False,False,True,False,True,False,False,False,False
2023-10-01,26.53,-5.51,2,13.965,5.0,2,10,4,2023,10,83.22,291.65,126.7,152.01,,167.19000000000003,109.95611078971463,139.565,82.06183637964726,150.35333333333335,71.17365190152883,291.65,291.65,False,False,True,False,True,False,False,False,False
2023-11-01,152.18,7.01,5,11.384,6.0,16,11,4,2023,11,26.53,83.22,291.65,127.28,,133.79999999999998,139.60983453897506,118.65166666666669,93.45432369166589,137.971,77.69206014773967,291.65,291.65,False,False,True,False,True,False,False,False,False
2023-12-01,103.0,6.110000000000001,3,12.153333333333334,10.0,9,12,4,2023,12,152.18,26.53,83.22,56.53,,87.31,62.924770162472626,122.80166666666668,94.46154676198492,139.26272727272726,73.82956549931865,152.18,291.65,False,False,True,False,True,False,False,False,False
2024-01-01,139.65,-0.0099999999999997,5,13.466,15.0,13,1,1,2024,13,103.0,152.18,26.53,126.7,118.01,93.90333333333335,63.31700113976765,130.54666666666665,89.72756670425574,136.2408333333333,71.16782386576028,152.18,291.65,False,False,True,False,True,False,False,False,False
2024-02-01,13.22,-3.08,1,13.92,5.0,1,2,1,2024,14,139.65,103.0,152.18,291.65,213.01,131.61,25.556785791644472,132.705,89.77227250103451,138.04416666666665,70.93767154831747,152.18,291.65,False,False,True,False,True,False,False,False,False
2024-03-01,67.69,-12.44,4,7.7475,8.75,11,3,1,2024,15,13.22,139.65,103.0,83.22,184.77,85.29,65.04897616411812,86.30000000000001,57.25017484689455,121.395,75.06878367083206,139.65,152.18,False,False,True,False,True,False,False,False,False
2024-04-01,180.93,24.65,5,13.472,11.0,15,4,2,2024,16,67.69,13.22,139.65,26.53,152.01,73.52,63.41630626266409,83.71166666666666,57.76601333540912,111.63833333333334,73.67870727734443,139.65,152.18,False,False,True,False,True,False,False,False,False
2024-05-01,297.65,73.21,6,10.883333333333333,5.0,23,5,2,2024,17,180.93,67.69,13.22,152.18,127.28,87.28000000000002,85.55400107534426,109.44500000000001,61.47031177731247,114.04833333333333,75.56805323479605,180.93,180.93,False,False,True,False,True,False,False,False,False
2024-06-01,65.67,-3.1,3,12.32,11.666666666666666,6,6,2,2024,18,297.65,180.93,67.69,103.0,56.53,182.09,114.98438850557055,133.69,98.95546250712994,128.24583333333334,92.40794155741587,297.65,297.65,False,False,True,False,True,False,False,False,False
2024-07-01,58.34,0.79,2,13.065,5.0,5,7,3,2024,19,65.67,297.65,180.93,139.65,126.7,181.41666666666666,115.99076572440289,127.46833333333332,102.38506461719241,129.00750000000002,91.79875064756898,297.65,297.65,False,False,True,False,True,False,False,False,False
2024-08-01,167.18,5.289999999999999,6,10.665,7.5,17,8,3,2024,20,58.34,65.67,297.65,13.22,291.65,140.5533333333333,136.09906036903166,113.91666666666667,105.77519060094698,123.31083333333333,94.04847091293195,297.65,297.65,False,False,True,False,True,False,False,False,False
2024-09-01,239.04,38.29,6,12.858333333333334,10.0,22,9,3,2024,21,167.18,58.34,65.67,67.69,83.22,97.06333333333333,60.83331680365078,139.57666666666668,94.53941520163252,112.93833333333333,79.53937124963888,167.18,297.65,False,False,True,False,True,False,False,False,False
2024-10-01,305.49,58.86,6,12.501666666666669,10.0,32,10,4,2024,22,239.04,167.18,58.34,180.93,26.53,154.85333333333332,90.97847291163623,168.135,94.36132316791664,125.92333333333333,86.64806332970102,239.04,297.65,False,False,True,False,True,False,False,False,False
2024-11-01,182.0,50.6,3,10.4,3.333333333333333,21,11,4,2024,23,305.49,239.04,167.18,297.65,152.18,237.23666666666668,69.17263211222563,188.89499999999998,110.12457940895848,149.17,94.61261620658496,305.49,305.49,False,False,True,False,True,False,False,False,False
2024-12-01,266.09000000000003,5.570000000000002,7,10.912857142857144,14.285714285714286,33,12,4,2024,24,182.0,305.49,239.04,65.67,103.0,242.17666666666665,61.80472500815213,169.62,96.5689931603307,151.655,95.0892713095532,305.49,305.49,False,False,True,False,True,False,False,False,False
2025-01-01,129.09,33.88,2,10.24,15.0,13,1,1,2025,25,266.09000000000003,182.0,305.49,58.34,139.65,251.1933333333333,63.07834837195172,203.02333333333334,87.67441420771894,165.24583333333337,99.07444211834151,305.49,305.49,False,False,True,False,True,False,False,False,False
2025-02-01,17.740000000000002,-12.54,2,9.175,10.0,2,2,1,2025,26,129.09,266.09000000000003,182.0,167.18,13.22,192.39333333333332,69.08882712373486,214.81499999999997,66.53213501759886,164.36583333333334,99.36891808337556,266.09000000000003,305.49,False,False,True,False,True,False,False,False,False
2025-03-01,174.1,26.74,3,15.486666666666665,18.33333333333333,15,3,1,2025,27,17.740000000000002,129.09,266.09000000000003,239.04,67.69,137.64,124.39556865097728,189.90833333333333,104.86184728807075,164.7425,98.75054440586412,266.09000000000003,305.49,False,False,True,False,True,False,False,False,False
2025-04-01,307.46,70.58,5,16.381999999999998,11.0,24,4,2,2025,28,174.1,17.740000000000002,129.09,305.49,180.93,106.97666666666665,80.49137862736195,179.085,102.09128322241817,173.61,93.90186105232902,174.1,305.49,False,False,True,False,True,False,False,False,False
2025-05-01,563.0,119.28,9,14.30888888888889,7.777777777777778,38,5,2,2025,29,307.46,174.1,17.740000000000002,182.0,297.65,166.4333333333333,145.01207857738376,179.41333333333333,102.58110969699376,184.1541666666667,101.58795619903456,307.46,307.46,False,False,True,False,True,False,False,False,False
2025-06-01,134.89999999999998,29.08,3,11.836666666666666,3.333333333333333,11,6,2,2025,30,563.0,307.46,174.1,266.09000000000003,65.67,348.18666666666667,197.6228694593146,242.91333333333333,187.37820595433897,206.26666666666665,147.18465540904316,563.0,563.0,False,False,True,False,True,False,False,False,False
2025-07-01,262.3,68.99,3,16.236666666666668,10.0,19,7,3,2025,31,134.89999999999998,563.0,307.46,129.09,58.34,335.11999999999995,215.38618618657966,221.04833333333332,191.7363884521315,212.03583333333333,142.45347875125174,563.0,563.0,False,False,True,False,True,False,False,False,False
2025-08-01,69.86,10.45,2,18.915,12.5,4,8,3,2025,32,262.3,134.89999999999998,563.0,17.740000000000002,167.18,320.06666666666666,219.81843265143462,243.25,186.60230127198326,229.0325,134.38762349162687,563.0,563.0,False,False,True,False,True,False,False,False,False
2025-09-01,119.36,18.11,2,11.09,12.5,12,9,3,2025,33,69.86,262.3,134.89999999999998,174.1,239.04,155.68666666666667,97.8894914346444,251.93666666666664,174.84774927538152,220.9225,141.22234391361212,262.3,563.0,False,False,True,False,True,False,False,False,False
2025-10-01,131.89,14.81,4,15.955,12.5,10,10,4,2025,34,119.36,69.86,262.3,307.46,305.49,150.50666666666666,99.92934770793474,242.81333333333336,181.03993577845378,210.94916666666666,144.02472757755132,262.3,563.0,False,False,True,False,True,False,False,False,False
2025-11-01,191.68,24.790000000000003,5,10.904,9.0,17,11,4,2025,35,131.89,119.36,69.86,563.0,182.0,107.03666666666668,32.79982672718449,213.55166666666665,182.6825745840765,196.4825,142.3744464511547,131.89,563.0,False,False,True,False,True,False,False,False,False
2025-12-01,363.37,105.44,6,14.953333333333331,6.666666666666667,25,12,4,2025,36,191.68,131.89,119.36,134.89999999999998,266.09000000000003,147.64333333333332,38.648043072493614,151.665,66.70695668369221,197.28916666666666,142.31234077059534,191.68,262.3,False,False,True,False,True,False,False,False,False
2023-08-01,179.89,32.85,3,8.893333333333333,13.333333333333334,22,8,3,2023,8,23.8,93.27,24.32,56.540000000000006,,47.129999999999995,39.95925800111909,83.78666666666668,73.7897742689776,83.78666666666668,73.7897742689776,93.27,222.55,False,False,True,False,False,True,False,False,False
2023-09-01,126.12,31.19,3,11.24,10.0,11,9,3,2023,9,179.89,23.8,93.27,82.24000000000001,,98.98666666666666,78.20186847725145,76.67666666666666,58.141085874505876,97.51571428571428,76.53005659154292,179.89,179.89,False,False,True,False,False,True,False,False,False
2023-10-01,116.82,33.27,3,19.866666666666664,13.333333333333334,6,10,4,2023,10,126.12,179.89,23.8,,,109.93666666666665,79.29342490606226,88.27333333333333,60.223236600723034,101.09125,71.57117026079705,179.89,179.89,False,False,True,False,False,True,False,False,False
2023-11-01,45.33,-9.04,3,11.106666666666667,11.666666666666666,5,11,4,2023,11,116.82,126.12,179.89,24.32,,140.9433333333333,34.0478286140737,94.03666666666668,61.177456850270154,102.83888888888889,67.1536785002215,179.89,179.89,False,False,True,False,False,True,False,False,False
2024-04-01,181.68,19.95,7,11.001428571428573,8.571428571428571,18,4,2,2024,16,83.49,22.950000000000003,63.99,116.82,,56.80999999999998,30.902058183881582,76.45,40.32955095212443,76.56333333333333,47.70596195509117,83.49,126.12,False,False,True,False,False,True,False,False,False
2024-05-01,26.97,4.96,1,9.99,10.0,3,5,2,2024,17,181.68,83.49,22.950000000000003,45.33,24.32,96.03999999999998,80.10574323979526,85.71,56.96335980259592,86.99166666666667,55.904159031056864,181.68,181.68,False,False,True,False,False,True,False,False,False
2024-06-01,58.79,-4.640000000000001,3,11.046666666666669,6.666666666666667,6,6,2,2024,18,26.97,181.68,83.49,,93.27,97.38,78.2847054027797,70.735,58.925671061091876,82.38583333333334,58.5456175610614,181.68,181.68,False,False,True,False,False,True,False,False,False
2024-07-01,152.07,28.74,4,13.6425,2.5,13,7,3,2024,19,58.79,26.97,181.68,63.99,23.8,89.14666666666665,81.70031476887551,72.97833333333334,58.014217711408186,85.25833333333334,56.237798649748875,181.68,181.68,False,False,True,False,False,True,False,False,False
2024-08-01,173.28,54.64,2,14.15,12.5,14,8,3,2024,20,152.07,58.79,26.97,22.950000000000003,179.89,79.27666666666664,65.01753712140547,87.65833333333335,65.89375461048388,90.15833333333332,59.4681595222998,152.07,181.68,False,False,True,False,False,True,False,False,False
2024-09-01,193.73,46.93,5,14.64,5.0,13,9,3,2024,21,173.28,152.07,58.79,83.49,126.12,128.04666666666665,60.90837736578885,112.71333333333332,64.9420014063831,102.615,59.9581994544381,173.28,181.68,False,False,True,False,False,True,False,False,False
2024-10-01,156.43,43.22,3,13.476666666666668,8.333333333333334,12,10,4,2024,22,193.73,173.28,152.07,181.68,116.82,173.02666666666664,20.831155352820453,131.08666666666667,70.38684327817708,103.76833333333332,61.68792276573684,193.73,193.73,False,False,True,False,False,True,False,False,False
2024-11-01,169.27,42.42,5,13.85,3.0,11,11,4,2024,23,156.43,193.73,173.28,26.97,45.33,174.48,18.678931982316513,126.87833333333333,67.45054081819258,106.29416666666667,63.28614245247652,193.73,193.73,False,False,True,False,False,True,False,False,False
2024-12-01,33.63,-8.59,2,6.12,5.0,6,12,4,2024,24,169.27,156.43,193.73,58.79,,173.14333333333332,18.949262078860485,150.595,47.30406737269,110.665,65.83892624497234,193.73,193.73,False,False,True,False,False,True,False,False,False
2025-01-01,63.39,8.89,2,9.275,2.5,7,1,1,2025,25,33.63,169.27,156.43,152.07,63.99,119.77666666666664,74.88092235899167,146.40166666666667,57.15859145103789,109.69,66.97131529787414,169.27,193.73,False,False,True,False,False,True,False,False,False
2025-02-01,12.93,-1.83,1,12.93,0.0,1,2,1,2025,26,63.39,33.63,169.27,173.28,22.950000000000003,88.76333333333332,71.29100176974184,131.62166666666667,66.1568428559485,109.63999999999999,67.00874963221389,169.27,193.73,False,False,True,False,False,True,False,False,False
2025-03-01,154.62,40.11,3,13.706666666666663,6.666666666666667,11,3,1,2025,27,12.93,63.39,33.63,193.73,83.49,36.649999999999984,25.365196628451272,104.89666666666666,77.39584037056942,108.805,68.23835171994224,63.39,193.73,False,False,True,False,False,True,False,False,False
2025-04-01,121.03,20.49,4,11.965,10.0,10,4,2,2025,28,154.62,12.93,63.39,156.43,181.68,76.97999999999998,71.81594600087087,98.37833333333333,69.68026590553933,114.7325,68.9253489620869,154.62,169.27,False,False,True,False,False,True,False,False,False
2025-05-01,65.59,14.6,1,12.86,15.0,6,5,2,2025,29,121.03,154.62,12.93,169.27,26.97,96.19333333333331,74.03822683812285,92.47833333333334,65.13208008859125,109.67833333333334,65.71902766299648,154.62,169.27,False,False,True,False,False,True,False,False,False
2025-06-01,185.45,23.700000000000003,6,13.378333333333332,8.333333333333334,17,6,2,2025,30,65.59,121.03,154.62,33.63,58.79,113.74666666666666,44.959653394274945,75.19833333333334,53.37672017524743,112.89666666666666,62.149173377569156,154.62,154.62,False,False,True,False,False,True,False,False,False
2025-07-01,146.95,40.23,2,19.795,10.0,9,7,3,2025,31,185.45,65.59,121.03,63.39,152.07,124.02333333333331,59.98603948697845,100.50166666666667,64.5466077858989,123.45166666666667,62.875978768211674,185.45,185.45,False,False,True,False,False,True,False,False,False
2025-08-01,42.69,9.88,1,15.81,10.0,3,8,3,2025,32,146.95,185.45,65.59,12.93,173.28,132.6633333333333,61.193843916960624,114.42833333333333,63.9496403169452,123.02500000000002,62.68119472957796,185.45,185.45,False,False,True,False,False,True,False,False,False
2025-09-01,251.19,46.56,6,10.388333333333334,3.333333333333333,28,9,3,2025,33,42.69,146.95,185.45,154.62,193.73,125.02999999999997,73.86114810913789,119.38833333333334,55.03571510089301,112.1425,64.47357134727939,185.45,185.45,False,False,True,False,False,True,False,False,False
2025-10-01,229.9,68.34,5,12.77,7.0,18,10,4,2025,34,251.19,42.69,146.95,121.03,156.43,146.9433333333333,104.25000015987214,135.48333333333335,77.09833271003116,116.93083333333334,72.69350658237931,251.19,251.19,False,False,True,False,False,True,False,False,False
2025-11-01,119.3,21.29,3,11.926666666666668,3.333333333333333,12,11,4,2025,35,229.9,251.19,42.69,65.59,169.27,174.59333333333333,114.7265576635739,153.62833333333333,85.38258192785376,123.05333333333334,79.13155517391544,251.19,251.19,False,False,True,False,False,True,False,False,False
2025-12-01,22.64,-2.84,1,6.29,10.0,4,12,4,2025,36,119.3,229.9,251.19,185.45,33.63,200.13,70.80559794253571,162.58,76.67831349214713,118.88916666666667,77.78166241687904,251.19,251.19,False,False,True,False,False,True,False,False,False
2024-05-01,87.14,1.08,3,11.246666666666668,6.666666666666667,9,5,2,2024,17,53.8,10.33,40.29,85.33,,34.806666666666665,22.247706248809823,65.625,38.872461589150745,68.46,36.89947301914906,53.8,120.46,False,False,True,False,False,False,True,False,False
2023-04-01,169.53,54.120000000000005,4,14.0,6.25,12,4,2,2023,4,281.89,58.02,113.16,,,151.02333333333334,116.63905106495565,151.02333333333334,116.63905106495565,151.02333333333334,116.63905106495565,281.89,281.89,False,False,True,False,False,False,False,True,False
2023-05-01,141.16000000000005,29.67,5,12.572,9.0,13,5,2,2023,5,169.53,281.89,58.02,,,169.8133333333333,111.93526894296245,155.65,95.6838701140375,155.65,95.6838701140375,281.89,281.89,False,False,True,False,False,False,False,True,False
2023-06-01,296.1,116.13,3,16.356666666666666,6.666666666666667,16,6,2,2023,6,141.16000000000005,169.53,281.89,,,197.52666666666667,74.42508470491205,152.752,83.11765317909307,152.752,83.11765317909307,281.89,281.89,False,False,True,False,False,False,False,True,False
2023-07-01,175.93,42.6,6,13.648333333333332,9.166666666666666,13,7,3,2023,7,296.1,141.16000000000005,169.53,113.16,,202.26333333333335,82.49366177672887,176.64333333333335,94.6129497831384,176.64333333333335,94.6129497831384,296.1,296.1,False,False,True,False,False,False,False,True,False
2023-08-01,165.0,36.67,5,12.912,9.0,14,8,3,2023,8,175.93,296.1,141.16000000000005,58.02,,204.39666666666668,81.2979964902785,187.10500000000002,89.52289958440802,176.54142857142855,86.36983220017112,296.1,296.1,False,False,True,False,False,False,False,True,False
2023-09-01,146.01,40.13,4,13.45,13.75,11,9,3,2023,9,165.0,175.93,296.1,281.89,,212.34333333333333,72.7409831754654,204.93500000000003,66.31740065774595,175.09875,80.06697329423663,296.1,296.1,False,False,True,False,False,False,False,True,False
2023-10-01,46.45,8.8,2,13.675,2.5,5,10,4,2023,10,146.01,165.0,175.93,169.53,,162.31333333333333,15.139855789713994,182.28833333333333,57.38090742282376,171.86666666666667,75.520841163218,175.93,296.1,False,False,True,False,False,False,False,True,False
2023-11-01,79.17,17.96,2,9.535,10.0,10,11,4,2023,11,46.45,146.01,165.0,141.16000000000005,,119.15333333333332,63.67484615869387,161.775,80.28367125387332,159.325,81.50227389465891,165.0,296.1,False,False,True,False,False,False,False,True,False
2023-12-01,414.3,99.84,13,12.783846153846154,7.6923076923076925,36,12,4,2023,12,79.17,46.45,146.01,296.1,,90.54333333333334,50.74507792223131,151.44333333333333,87.16132988124191,152.0381818181818,81.00884825970331,146.01,296.1,False,False,True,False,False,False,False,True,False
2024-01-01,292.02,78.88,5,11.580000000000002,5.0,27,1,1,2024,13,414.3,79.17,46.45,175.93,113.16,179.97333333333336,203.59123172016356,171.14333333333332,129.47974600943064,173.89333333333335,108.15553802769698,414.3,414.3,False,False,True,False,False,False,False,True,False
2024-02-01,64.6,11.66,2,12.835,10.0,6,2,1,2024,14,292.02,414.3,79.17,165.0,58.02,261.83,169.59247123619613,190.49166666666667,138.6846289127482,188.79833333333332,111.30355208195562,414.3,414.3,False,False,True,False,False,False,False,True,False
2024-03-01,343.16,131.59,4,15.9275,7.5,22,3,1,2024,15,64.6,292.02,414.3,146.01,281.89,256.9733333333333,177.4647123608898,173.75833333333333,148.1121139430083,189.34666666666666,110.61478335633849,414.3,414.3,False,False,True,False,False,False,False,True,False
2024-04-01,209.4,51.32,5,13.56,13.0,18,4,2,2024,16,343.16,64.6,292.02,46.45,169.53,233.26,148.28510242097826,206.61666666666667,161.94747650601622,194.45250000000001,116.53067166474399,343.16,414.3,False,False,True,False,False,False,False,True,False
2024-05-01,75.43,7.34,3,13.933333333333332,8.333333333333334,7,5,2,2024,17,209.4,343.16,64.6,79.17,141.16000000000005,205.72,139.3164570321827,233.775,142.1716294835225,197.775,116.32368651936092,343.16,414.3,False,False,True,False,False,False,False,True,False
2024-06-01,167.03,52.2,3,9.08,1.6666666666666667,15,6,2,2024,18,75.43,209.4,343.16,414.3,296.1,209.33,133.86501372651486,233.15166666666664,142.99088284455996,192.2975,120.69729424737064,343.16,414.3,False,False,True,False,False,False,False,True,False
2024-07-01,269.57,94.02,4,14.8475,12.5,21,7,3,2024,19,167.03,75.43,209.4,292.02,175.93,150.62,68.47595417370981,191.93999999999997,112.78201115426168,181.54166666666666,116.27609672541033,209.4,343.16,False,False,True,False,False,False,False,True,False
2024-08-01,273.31,71.31,7,12.55714285714286,7.142857142857143,22,8,3,2024,20,269.57,167.03,75.43,64.6,165.0,170.67666666666665,97.12135982024417,188.19833333333335,109.11032974318552,189.34500000000003,118.97602122811442,269.57,343.16,False,False,True,False,False,False,False,True,False
2024-09-01,240.08,69.97,4,11.515,10.0,22,9,3,2024,21,273.31,269.57,167.03,343.16,146.01,236.63666666666668,60.310139556573276,222.98333333333335,94.05614358810737,198.37083333333337,121.0514856998935,273.31,343.16,False,False,True,False,False,False,False,True,False
2024-10-01,118.61,2.3199999999999994,5,9.605999999999998,14.0,17,10,4,2024,22,240.08,273.31,269.57,209.4,46.45,260.9866666666667,18.20201728746974,205.8033333333333,75.2485762434524,206.21,120.3965611861674,273.31,273.31,False,False,True,False,False,False,False,True,False
2024-11-01,174.55,23.55,7,9.327142857142857,7.142857142857143,19,11,4,2024,23,118.61,240.08,273.31,75.43,79.17,210.66666666666666,81.43635940618503,190.67166666666665,83.09955292699637,212.22333333333336,113.28372733445825,273.31,273.31,False,False,True,False,False,False,False,True,False
2024-12-01,159.96,32.43,4,10.9125,8.75,17,12,4,2024,24,174.55,118.61,240.08,167.03,414.3,177.74666666666667,60.79806109847037,207.1916666666667,63.03884910645713,220.17166666666665,106.22583582617602,240.08,273.31,False,False,True,False,False,False,False,True,False
2025-01-01,159.0,46.07,4,15.325,7.5,12,1,1,2025,25,159.96,174.55,118.61,269.57,292.02,151.04,29.017162163106168,206.01333333333332,63.99847269010934,198.97666666666666,87.7351950041957,174.55,273.31,False,False,True,False,False,False,False,True,False
2025-02-01,87.76,9.07,4,13.225,11.25,8,2,1,2025,26,159.0,159.96,174.55,273.31,64.6,164.50333333333333,8.713898859485072,187.585,57.640619965437615,187.89166666666665,83.19672970335637,174.55,273.31,False,False,True,False,False,False,False,True,False
2025-03-01,198.5,49.05,5,12.36,11.0,18,3,1,2025,27,87.76,159.0,159.96,240.08,343.16,135.57333333333335,41.41034331339615,156.66,51.94290442399236,189.8216666666667,80.29461148379347,159.96,240.08,False,False,True,False,False,False,False,True,False
2025-04-01,67.25,4.19,4,12.4625,5.0,6,4,2,2025,28,198.5,87.76,159.0,118.61,209.4,148.42,56.122982814529735,149.73,39.98466305972835,177.76666666666668,64.48274164221753,198.5,198.5,False,False,True,False,False,False,False,True,False
2025-05-01,100.75,11.45,5,8.758,8.0,14,5,2,2025,29,67.25,198.5,87.76,174.55,75.43,117.83666666666666,70.6052054266067,141.17,51.74692415979915,165.92083333333335,70.88251758538512,198.5,198.5,False,False,True,False,False,False,False,True,False
2025-06-01,71.58,-6.390000000000001,6,8.398333333333333,11.666666666666666,9,6,2,2025,30,100.75,67.25,198.5,159.96,167.03,122.16666666666667,68.19564380027022,128.87,50.99124003198985,168.03083333333333,68.27275890377757,198.5,198.5,False,False,True,False,False,False,False,True,False
2025-07-01,11.55,-0.5,1,12.16,5.0,1,7,3,2025,31,71.58,100.75,67.25,159.0,269.57,79.86000000000001,18.22035400314714,114.14,52.941951985169595,160.07666666666668,73.74119489296625,100.75,198.5,False,False,True,False,False,False,False,True,False
2025-08-01,27.0,0.4999999999999999,2,10.53,10.0,3,8,3,2025,32,11.55,71.58,100.75,87.76,273.31,61.293333333333344,45.4810029939241,89.565,61.486512586094854,138.57500000000002,76.47870927733601,100.75,198.5,False,False,True,False,False,False,False,True,False
2025-09-01,133.01,36.87,3,9.426666666666668,5.0,13,9,3,2025,33,27.0,11.55,71.58,198.5,240.08,36.71000000000001,31.170712215154772,79.43833333333333,66.63149568084651,118.04916666666668,69.79102904819551,71.58,198.5,False,False,True,False,False,False,False,True,False
2025-10-01,119.52,19.12,4,9.98,3.75,14,10,4,2025,34,133.01,27.0,11.55,67.25,118.61,57.18666666666667,66.11776639703834,68.52333333333333,45.11806895985982,109.12666666666667,58.741061421885334,133.01,133.01,False,False,True,False,False,False,False,True,False
2025-11-01,226.63,38.71,8,12.7975,8.75,19,11,4,2025,35,119.52,133.01,27.0,100.75,174.55,93.17666666666666,57.70622525632163,77.235,49.64248291534177,109.2025,58.75500290110707,133.01,133.01,False,False,True,False,False,False,False,True,False
2025-12-01,160.18,22.07,6,12.813333333333333,10.0,15,12,4,2025,36,226.63,119.52,133.01,71.58,159.96,159.72,58.33700455114232,98.21499999999999,79.30552181279687,113.54250000000002,65.55119361301453,226.63,226.63,False,False,True,False,False,False,False,True,False
2024-01-01,102.81,31.98,2,16.545,0.0,6,1,1,2024,13,114.88,88.03999999999999,218.96,25.26,37.16,140.62666666666667,69.15330601882555,100.28000000000002,65.20250424638613,91.26285714285714,64.12462494088777,218.96,218.96,False,False,True,False,False,False,False,False,True
2024-11-01,96.15,17.62,1,17.17,20.0,7,11,4,2024,23,96.31,115.77,65.28,111.89,88.03999999999999,92.45333333333333,25.46498445578421,101.15666666666668,19.13344053396219,94.24166666666667,49.01328536656406,115.77,115.77,False,False,True,False,False,False,False,False,True
2024-12-01,91.37,26.14,1,13.74,5.0,7,12,4,2024,24,96.15,96.31,115.77,,114.88,102.74333333333334,11.281707908527487,98.03500000000001,17.93717229665815,99.15749999999998,45.60767840556517,115.77,115.77,False,False,True,False,False,False,False,False,True
2025-01-01,31.64,-10.17,2,9.11,15.0,4,1,1,2025,25,91.37,96.15,96.31,,102.81,94.61000000000001,2.8070625215691583,96.12833333333333,17.93610929568247,100.98333333333335,44.74103593983601,96.31,115.77,False,False,True,False,False,False,False,False,True
2025-10-01,23.380000000000003,-11.74,2,14.035,15.0,2,10,4,2025,34,132.92,8.78,60.28,32.52,96.31,67.32666666666667,62.369275555623766,71.81,62.65740977729609,83.96916666666667,45.738802993108855,132.92,164.72,False,False,True,False,False,False,False,False,True
2025-11-01,177.76,32.56,3,10.07,6.666666666666667,18,11,4,2025,35,23.380000000000003,132.92,8.78,164.72,96.15,55.026666666666664,67.85144459282593,70.43333333333334,63.796896058246176,76.59333333333333,47.91190615614402,132.92,164.72,False,False,True,False,False,False,False,False,True
2025-12-01,22.39,-0.55,1,12.44,10.0,2,12,4,2025,36,177.76,23.380000000000003,132.92,,91.37,111.35333333333331,79.41748506049112,94.63999999999999,73.37034278235315,85.96666666666665,55.84348962353027,177.76,177.76,False,False,True,False,False,False,False,False,True
2023-04-01,529.7,143.14,4,39.785,10.0,16,4,2,2023,4,1405.11,857.26,99.69,,,787.3533333333334,655.511670859744,787.3533333333334,655.511670859744,787.3533333333334,655.511670859744,1405.11,1405.11,False,False,False,True,True,False,False,False,False
2023-05-01,1440.3200000000002,534.4,4,74.175,10.0,22,5,2,2023,5,529.7,1405.11,857.26,,,930.6899999999999,442.3003964501954,722.94,550.5088650209609,722.94,550.5088650209609,1405.11,1405.11,False,False,False,True,True,False,False,False,False
2023-06-01,1059.09,336.84,4,44.855,10.0,27,6,2,2023,6,1440.3200000000002,529.7,1405.11,,,1125.0433333333333,515.8829319073596,866.4159999999999,574.6493023836365,866.4159999999999,574.6493023836365,1440.3200000000002,1440.3200000000002,False,False,False,True,True,False,False,False,False
2023-07-01,1830.88,631.46,6,86.815,9.166666666666666,20,7,3,2023,7,1059.09,1440.3200000000002,529.7,99.69,,1009.7033333333334,457.31441944611095,898.5283333333333,519.9660260985007,898.5283333333333,519.9660260985007,1440.3200000000002,1440.3200000000002,False,False,False,True,True,False,False,False,False
2023-08-01,1064.69,350.56,5,62.71999999999999,8.0,16,8,3,2023,8,1830.88,1059.09,1440.3200000000002,857.26,,1443.43,385.9043989124771,1187.0600000000002,465.50126809709127,1031.7214285714285,591.1739968748223,1830.88,1830.88,False,False,False,True,True,False,False,False,False
2023-09-01,713.83,246.27,5,98.896,5.0,10,9,3,2023,9,1064.69,1830.88,1059.09,1405.11,,1318.22,443.98541271082354,1221.631666666667,443.28147470503063,1035.8425,547.4448737218074,1830.88,1830.88,False,False,False,True,True,False,False,False,False
2023-10-01,1233.96,459.73,5,71.02000000000001,7.0,21,10,4,2023,10,713.83,1064.69,1830.88,529.7,,1203.1333333333334,571.2487138132861,1106.4183333333333,474.77276456918486,1000.0633333333333,523.2162482664314,1830.88,1830.88,False,False,False,True,True,False,False,False,False
2023-11-01,762.9100000000001,286.77,4,41.08,5.0,16,11,4,2023,11,1233.96,713.83,1064.69,1440.3200000000002,,1004.16,265.2955237089392,1223.795,381.5874839011364,1023.4530000000001,498.8073359090328,1233.96,1830.88,False,False,False,True,True,False,False,False,False
2023-12-01,2172.02,756.1,9,69.88333333333334,10.0,33,12,4,2023,12,762.9100000000001,1233.96,713.83,1059.09,,903.5666666666666,287.17943455848933,1110.8933333333334,404.2514635553799,999.7672727272728,479.68639021950395,1233.96,1830.88,False,False,False,True,True,False,False,False,False
2024-01-01,398.66,141.24,2,44.825,10.0,9,1,1,2024,13,2172.02,762.9100000000001,1233.96,1830.88,99.69,1389.63,717.3371659826363,1296.3816666666667,588.8916565011485,1097.455,568.9425663217046,2172.02,2172.02,False,False,False,True,True,False,False,False,False
2024-02-01,28.43,1.48,1,28.43,0.0,1,2,1,2024,14,398.66,2172.02,762.9100000000001,1064.69,857.26,1111.1966666666667,936.5784131792349,1057.6783333333333,618.4346287010993,1122.3691666666666,526.2200498833568,2172.02,2172.02,False,False,False,True,True,False,False,False,False
2024-03-01,1688.69,652.51,4,82.13499999999999,2.5,22,3,1,2024,15,28.43,398.66,2172.02,713.83,1405.11,866.3700000000002,1145.7787766842255,884.9683333333332,747.3469680788613,1053.3,611.6413374608596,2172.02,2172.02,False,False,False,True,True,False,False,False,False
2024-04-01,2085.73,637.89,7,86.89999999999999,12.857142857142858,37,4,2,2024,16,1688.69,28.43,398.66,1233.96,529.7,705.2599999999999,871.56094847119,1047.445,806.3405779879864,1076.9316666666666,631.6216567884942,1688.69,2172.02,False,False,False,True,True,False,False,False,False
2024-05-01,735.62,237.16,5,59.278,7.0,13,5,2,2024,17,2085.73,1688.69,28.43,762.9100000000001,1440.3200000000002,1267.6166666666668,1091.3743109187303,1189.4066666666665,913.592342977253,1206.6008333333332,667.7538711974963,2085.73,2172.02,False,False,False,True,True,False,False,False,False
2024-06-01,224.13,66.32,1,65.92,15.0,4,6,2,2024,18,735.62,2085.73,1688.69,2172.02,1059.09,1503.346666666667,693.8756130844588,1184.8583333333333,916.2045245340511,1147.8758333333333,676.263957778434,2085.73,2172.02,False,False,False,True,True,False,False,False,False
2024-07-01,839.78,283.97,3,112.41,11.666666666666666,8,7,3,2024,19,224.13,735.62,2085.73,398.66,1830.88,1015.1600000000002,961.7669149539299,860.21,838.2464060406105,1078.2958333333333,727.2606929175251,2085.73,2085.73,False,False,False,True,True,False,False,False,False
2024-08-01,844.07,301.64,4,90.22,2.5,10,8,3,2024,20,839.78,224.13,735.62,28.43,1064.69,599.8433333333335,329.51890390891555,933.73,808.4853772579934,995.7041666666665,689.3105609686238,839.78,2085.73,False,False,False,True,True,False,False,False,False
2024-09-01,86.26,27.3,1,43.13,0.0,2,9,3,2024,21,844.07,839.78,224.13,1688.69,713.83,635.9933333333335,356.69055921531367,1069.67,684.9577724502437,977.3191666666667,690.2448393466605,844.07,2085.73,False,False,False,True,True,False,False,False,False
2024-10-01,1128.5,381.93,5,55.062,13.0,20,10,4,2024,22,86.26,844.07,839.78,2085.73,1233.96,590.0366666666669,436.28866411280177,802.5983333333334,707.3586879488133,925.0216666666666,734.3863781272008,844.07,2085.73,False,False,False,True,True,False,False,False,False
2024-11-01,902.0,372.78,2,82.4,7.5,8,11,4,2024,23,1128.5,86.26,844.07,735.62,762.9100000000001,686.276666666667,538.7393678146542,643.0600000000001,402.20683997167424,916.2333333333332,730.9763456480448,1128.5,1128.5,False,False,False,True,True,False,False,False,False
2024-12-01,382.03,67.92999999999999,4,49.025000000000006,16.25,10,12,4,2024,24,902.0,1128.5,86.26,224.13,2172.02,705.5866666666667,548.1785316238983,670.7900000000001,415.38429512922124,927.8241666666667,729.4252389314148,1128.5,1128.5,False,False,False,True,True,False,False,False,False
2025-01-01,462.51,167.95,2,65.87,7.5,7,1,1,2025,25,382.03,902.0,1128.5,839.78,398.66,804.1766666666668,382.7289101091441,697.1066666666667,385.34201523668116,778.6583333333333,627.8053854330878,1128.5,1128.5,False,False,False,True,True,False,False,False,False
2025-02-01,2408.08,812.94,6,138.835,8.333333333333334,20,2,1,2025,26,462.51,382.03,902.0,844.07,28.43,582.1800000000002,279.8801205873684,634.2283333333334,388.1752569866691,783.9791666666666,624.5541625753139,902.0,1128.5,False,False,False,True,True,False,False,False,False
2025-07-01,373.68,99.78,4,49.855,8.75,9,7,3,2025,31,3383.84,450.29,778.61,462.51,839.78,1537.5800000000002,1607.313129511484,1310.8933333333334,1273.3759445610187,990.8416666666667,962.9192770928256,3383.84,3383.84,False,False,False,True,True,False,False,False,False
2025-08-01,256.09,86.02,1,56.91,10.0,5,8,3,2025,32,373.68,3383.84,450.29,2408.08,844.07,1402.6033333333335,1716.228807599189,1309.5016666666668,1274.598101417332,1003.3041666666668,953.0108676424929,3383.84,3383.84,False,False,False,True,True,False,False,False,False
2025-09-01,434.87,122.09,3,56.89333333333334,10.0,9,9,3,2025,33,256.09,373.68,3383.84,,86.26,1337.8700000000001,1772.8372126904378,1275.0983333333334,1304.4678087774596,954.6633333333334,976.7164165558482,3383.84,3383.84,False,False,False,True,True,False,False,False,False
2025-10-01,2408.64,865.28,8,87.0775,7.5,41,10,4,2025,34,434.87,256.09,373.68,778.61,1128.5,354.8800000000001,90.86061908219125,946.23,1206.7801151659735,920.5633333333334,988.0064890321811,434.87,3383.84,False,False,False,True,True,False,False,False,False
2025-11-01,1027.74,318.22,4,63.9575,10.0,28,11,4,2025,35,2408.64,434.87,256.09,450.29,902.0,1033.2,1194.515369218831,1217.9016666666666,1337.8568539782823,1114.095,1036.014263147692,2408.64,3383.84,False,False,False,True,True,False,False,False,False
2025-12-01,493.17,141.27,4,96.1175,11.25,6,12,4,2025,36,1027.74,2408.64,434.87,3383.84,382.03,1290.4166666666667,1012.7641762193872,1314.1433333333334,1291.562143060359,1105.6983333333335,1036.295180910723,2408.64,3383.84,False,False,False,True,True,False,False,False,False
2023-04-01,1560.5700000000002,596.54,4,81.91,6.25,17,4,2,2023,4,906.33,1266.36,462.4,,,878.3633333333333,402.70897833712786,878.3633333333333,402.70897833712786,878.3633333333333,402.70897833712786,1266.36,1266.36,False,False,False,True,False,True,False,False,False
2023-09-01,525.67,132.32,4,45.602500000000006,11.25,20,9,3,2023,9,2937.79,1258.67,1122.89,906.33,,1773.1166666666668,1010.9189048253742,1508.7683333333334,731.8375976244093,1359.287142857143,776.3596300837709,2937.79,2937.79,False,False,False,True,False,True,False,False,False
2023-10-01,767.6700000000001,243.14,4,54.4075,8.75,18,10,4,2023,10,525.67,2937.79,1258.67,1560.5700000000002,,1574.0433333333333,1236.598551727008,1385.32,835.9682928676183,1255.085,776.8488085666532,2937.79,2937.79,False,False,False,True,False,True,False,False,False
2023-11-01,1204.18,446.25,4,77.62249999999999,5.0,15,11,4,2023,11,767.6700000000001,525.67,2937.79,,,1410.3766666666668,1328.301403346896,1362.21,853.5889646896802,1200.927777777778,744.616918233426,2937.79,2937.79,False,False,False,True,False,True,False,False,False
2023-12-01,697.57,229.96,4,53.185,7.5,15,12,4,2023,12,1204.18,767.6700000000001,525.67,1122.89,,832.5066666666668,343.87032444416144,1302.8116666666667,849.414907154723,1201.2530000000002,702.0323163351449,1204.18,2937.79,False,False,False,True,False,True,False,False,False
2024-01-01,213.82,70.11,2,34.35,2.5,6,1,1,2024,13,697.57,1204.18,767.6700000000001,1258.67,462.4,889.8066666666668,274.502180379925,1231.925,884.4574126943593,1155.4636363636364,683.1015736370797,1204.18,2937.79,False,False,False,True,False,True,False,False,False
2024-02-01,836.07,270.29,5,91.616,11.0,12,2,1,2024,14,213.82,697.57,1204.18,2937.79,1266.36,705.19,495.22397023972843,1057.7833333333333,976.2371791663472,1076.9933333333333,705.7606647805723,1204.18,2937.79,False,False,False,True,False,True,False,False,False
2024-03-01,517.3399999999999,195.32,3,55.31999999999999,1.6666666666666667,8,3,1,2024,15,836.07,213.82,697.57,525.67,906.33,582.4866666666668,326.6984784680403,707.4966666666666,329.7642771233214,1108.1325,684.0894804725343,836.07,1204.18,False,False,False,True,False,True,False,False,False
2024-04-01,753.79,249.67,5,84.172,8.0,14,4,2,2024,16,517.3399999999999,836.07,213.82,767.6700000000001,1560.5700000000002,522.4100000000001,311.15598065921733,706.1083333333332,330.6990924339931,1045.7141666666666,702.2696870273018,836.07,1204.18,False,False,False,True,False,True,False,False,False
2024-05-01,4041.54,1470.0,9,84.35333333333334,5.555555555555555,44,5,2,2024,17,753.79,517.3399999999999,836.07,1204.18,,702.4000000000001,165.46269156519656,703.795,330.2305383061961,1033.0025,706.3904780337984,836.07,1204.18,False,False,False,True,False,True,False,False,False
2024-10-01,1898.18,703.29,8,67.6775,6.25,29,10,4,2024,22,1268.5,825.88,559.47,753.79,767.6700000000001,884.6166666666667,358.1457555707358,1327.7533333333333,1356.2071251496457,1017.625,995.1868815590732,1268.5,4041.54,False,False,False,True,False,True,False,False,False
2024-11-01,1090.07,344.65,6,70.16166666666668,11.666666666666666,20,11,4,2024,23,1898.18,1268.5,825.88,4041.54,1204.18,1330.8533333333335,538.8624835088575,1557.8933333333332,1307.4646553642153,1132.0008333333333,1012.2316314367283,1898.18,4041.54,False,False,False,True,False,True,False,False,False
2024-12-01,429.35,132.07,1,63.14,15.0,8,12,4,2024,24,1090.07,1898.18,1268.5,,697.57,1418.9166666666667,424.53424270997715,1613.9399999999998,1272.8509930545679,1158.8675,1005.9414883501381,1898.18,4041.54,False,False,False,True,False,True,False,False,False
2025-01-01,197.61,64.49,1,73.19,10.0,3,1,1,2025,25,429.35,1090.07,1898.18,559.47,213.82,1139.2,735.6464571382099,1011.9083333333333,535.9304422559577,1094.2983333333334,1027.406863311117,1898.18,1898.18,False,False,False,True,False,True,False,False,False
2025-02-01,241.89,69.80000000000001,3,88.63999999999999,11.666666666666666,3,2,1,2025,26,197.61,429.35,1090.07,825.88,836.07,572.3433333333334,463.0945183581131,951.5983333333332,611.9909718751302,1052.635,1054.7313353344366,1090.07,1898.18,False,False,False,True,False,True,False,False,False
2025-03-01,333.78,93.06,4,62.3425,10.0,6,3,1,2025,27,241.89,197.61,429.35,1268.5,517.3399999999999,289.6166666666667,123.02127024759737,854.2666666666665,678.7790284523135,1054.9741666666666,1052.7311353846876,429.35,1898.18,False,False,False,True,False,True,False,False,False
2025-04-01,1162.31,454.29,5,132.32,2.0,9,4,2,2025,28,333.78,241.89,197.61,1898.18,753.79,257.76,69.45833211357014,698.4799999999999,671.9233661661127,1013.1166666666667,1072.0349665967342,333.78,1898.18,False,False,False,True,False,True,False,False,False
2025-05-01,414.58,124.32,4,57.695,8.75,8,5,2,2025,29,1162.31,333.78,241.89,1090.07,4041.54,579.3266666666667,506.96461240734817,575.8349999999999,434.28388244327,1066.8641666666665,1061.030686219415,1162.31,1162.31,False,False,False,True,False,True,False,False,False
2025-06-01,446.55,149.53,4,72.9125,8.75,6,6,2,2025,30,414.58,1162.31,333.78,429.35,,636.89,456.8170227782668,463.2533333333333,354.55047666963685,1038.5966666666666,1074.5619771315983,1162.31,1162.31,False,False,False,True,False,True,False,False,False
2025-07-01,40.3,6.82,1,44.78,10.0,1,7,3,2025,31,446.55,414.58,1162.31,197.61,559.47,674.48,422.7754745724964,466.11999999999995,354.2909711522438,739.0141666666667,518.5094344974631,1162.31,1162.31,False,False,False,True,False,True,False,False,False
2025-08-01,4162.360000000001,1398.69,6,110.07166666666666,13.333333333333334,38,8,3,2025,32,40.3,446.55,414.58,241.89,825.88,300.47666666666663,225.88590844347135,439.9016666666666,382.8083351974807,695.75,555.2130051365219,446.55,1162.31,False,False,False,True,False,True,False,False,False
2025-09-01,976.39,347.96,6,100.68333333333334,8.333333333333334,9,9,3,2025,33,4162.360000000001,40.3,446.55,333.78,1268.5,1549.736666666667,2271.697664090302,1093.3133333333333,1548.4519814274731,973.79,1146.6810790593554,4162.360000000001,4162.360000000001,False,False,False,True,False,True,False,False,False
2025-10-01,1248.1,424.19,5,81.33200000000001,7.0,24,10,4,2025,34,976.39,4162.360000000001,40.3,1162.31,1898.18,1726.3500000000004,2160.943002973471,1200.4150000000002,1507.081502331576,949.4475000000001,1142.95051018386,4162.360000000001,4162.360000000001,False,False,False,True,False,True,False,False,False
2025-11-01,2041.27,610.61,5,105.018,14.0,22,11,4,2025,35,1248.1,976.39,4162.360000000001,414.58,1090.07,2128.9500000000003,1766.217356980732,1214.7133333333334,1507.054643172127,895.2741666666667,1108.7903939425355,4162.360000000001,4162.360000000001,False,False,False,True,False,True,False,False,False
2025-12-01,477.83,119.64,5,80.34,11.0,10,12,4,2025,36,2041.27,1248.1,976.39,446.55,429.35,1421.92,553.310399233559,1485.8283333333331,1480.4074439344956,974.5408333333334,1156.937182811569,2041.27,4162.360000000001,False,False,False,True,False,True,False,False,False
2023-04-01,609.39,252.8,1,67.71,0.0,9,4,2,2023,4,1197.35,48.95,61.04,,,435.78,659.5666688819258,435.78,659.5666688819258,435.78,659.5666688819258,1197.35,1197.35,False,False,False,True,False,False,True,False,False
2023-09-01,417.49,97.5,4,42.1475,10.0,11,9,3,2023,9,170.4,68.34,162.19,1197.35,,133.64333333333335,56.70313071897749,376.1033333333333,451.3732612225347,331.0942857142857,428.90816969203485,170.4,1197.35,False,False,False,True,False,False,True,False,False
2023-10-01,593.41,172.29000000000002,2,106.245,17.5,7,10,4,2023,10,417.49,170.4,68.34,609.39,,218.74333333333334,179.5250373439132,437.5266666666667,422.07480430211257,341.89375,398.2648975220064,417.49,1197.35,False,False,False,True,False,False,True,False,False
2023-11-01,17.56,-5.31,1,17.56,0.0,1,11,4,2023,11,593.41,417.49,170.4,,,393.76666666666665,212.50049984254952,336.87,235.33517824583723,369.84,381.8599200295836,593.41,609.39,False,False,False,True,False,False,True,False,False
2025-06-01,194.81,59.49,2,37.39,0.0,5,6,2,2025,30,1181.51,1174.42,1001.53,207.84,373.37,1119.1533333333334,101.9264609085053,748.285,428.88895806490507,753.9516666666667,546.0182559191309,1181.51,1181.51,False,False,False,True,False,False,True,False,False
2025-07-01,516.19,131.94,2,58.255,15.0,15,7,3,2025,31,194.81,1181.51,1174.42,338.6,,850.2466666666668,567.6358736314444,683.1183333333333,484.5998297736665,637.1741666666667,497.19300206181737,1181.51,1181.51,False,False,False,True,False,False,True,False,False
2025-08-01,109.42,34.29,1,115.18,5.0,1,8,3,2025,32,516.19,194.81,1181.51,,66.58,630.8366666666667,503.241608110193,734.5100000000001,438.2496843124931,676.7033333333333,463.25659811487793,1181.51,1181.51,False,False,False,True,False,False,True,False,False
2025-09-01,926.64,352.91,3,111.95666666666666,3.333333333333333,12,9,3,2025,33,109.42,516.19,194.81,1001.53,585.81,273.4733333333333,214.4910213350039,696.3133333333334,486.9399956736626,596.1391666666667,471.4587802951857,516.19,1181.51,False,False,False,True,False,False,True,False,False
2025-10-01,474.69999999999993,174.04,2,87.995,2.5,6,10,4,2025,34,926.64,109.42,516.19,1174.42,,517.4166666666666,408.61138093955856,683.8316666666666,478.43729049549074,556.3933333333333,413.7746833138962,926.64,1181.51,False,False,False,True,False,False,True,False,False
2025-11-01,289.64,79.02,2,34.205,2.5,10,11,4,2025,35,474.69999999999993,926.64,109.42,1181.51,,503.5866666666666,409.3750868498632,567.2116666666667,416.16559191824905,564.8375,410.7227539599608,926.64,1181.51,False,False,False,True,False,False,True,False,False
2025-12-01,580.73,182.28,4,85.635,10.0,8,12,4,2025,36,289.64,474.69999999999993,926.64,194.81,207.84,563.6599999999999,327.6853081845442,418.56666666666666,294.3061573033541,583.4258333333333,390.68143275467077,926.64,926.64,False,False,False,True,False,False,True,False,False
2023-04-01,780.47,242.69,4,120.5675,13.75,8,4,2,2023,4,1226.18,1114.08,690.64,,,1010.2999999999998,282.4508615671052,1010.2999999999998,282.4508615671052,1010.2999999999998,282.4508615671052,1226.18,1226.18,False,False,False,True,False,False,False,True,False
2023-05-01,707.48,256.83000000000004,5,49.502,5.0,14,5,2,2023,5,780.47,1226.18,1114.08,,,1040.2433333333333,231.84745207427528,952.8425,257.66473699687094,952.8425,257.66473699687094,1226.18,1226.18,False,False,False,True,False,False,False,True,False
2023-06-01,1497.1999999999998,486.11,5,57.84000000000001,13.0,25,6,2,2023,6,707.48,780.47,1226.18,,,904.71,280.7830224568431,903.7700000000001,248.66420892440473,903.7700000000001,248.66420892440473,1226.18,1226.18,False,False,False,True,False,False,False,True,False
2023-07-01,626.22,235.56,4,56.0675,5.0,11,7,3,2023,7,1497.1999999999998,707.48,780.47,690.64,,995.0499999999998,436.4033133467251,1002.6749999999998,328.87734064541445,1002.6749999999998,328.87734064541445,1497.1999999999998,1497.1999999999998,False,False,False,True,False,False,False,True,False
2023-08-01,1333.87,441.15,5,90.168,12.0,17,8,3,2023,8,626.22,1497.1999999999998,707.48,1114.08,,943.6333333333332,481.12143761563283,991.9383333333332,341.8954213449877,948.8957142857142,332.23345506120353,1497.1999999999998,1497.1999999999998,False,False,False,True,False,False,False,True,False
2023-09-01,408.88,129.25,3,92.97666666666667,11.666666666666666,6,9,3,2023,9,1333.87,626.22,1497.1999999999998,1226.18,,1152.43,462.97072834035623,1028.57,368.3503222748692,997.0174999999999,336.35737001630525,1497.1999999999998,1497.1999999999998,False,False,False,True,False,False,False,True,False
2023-10-01,1357.64,499.89,5,73.00800000000001,9.0,17,10,4,2023,10,408.88,1333.87,626.22,780.47,,789.6566666666666,483.66856734062577,892.3533333333334,427.0938777208901,931.6688888888889,370.71311561113004,1333.87,1497.1999999999998,False,False,False,True,False,False,False,True,False
2023-11-01,593.99,209.87,4,80.36500000000001,5.0,11,11,4,2023,11,1357.64,408.88,1333.87,707.48,,1033.4633333333334,541.0355888787109,988.5483333333333,460.54290477290675,974.266,374.5711564858019,1357.64,1497.1999999999998,False,False,False,True,False,False,False,True,False
2023-12-01,382.99,125.97,5,51.324,8.0,10,12,4,2023,12,593.99,1357.64,408.88,1497.1999999999998,,786.8366666666667,502.92023426517005,969.6333333333332,476.4512656575346,939.6954545454545,373.3892672363156,1357.64,1497.1999999999998,False,False,False,True,False,False,False,True,False
2024-01-01,1235.05,429.17,8,73.945,7.5,18,1,1,2024,13,382.99,593.99,1357.64,626.22,690.64,778.2066666666666,512.7743078912334,783.9316666666667,445.85697291470797,893.3033333333333,390.6043877548399,1357.64,1357.64,False,False,False,True,False,False,False,True,False
2024-02-01,386.36,165.0,1,96.59,0.0,4,2,1,2024,14,1235.05,382.99,593.99,1333.87,1114.08,737.3433333333334,443.7501487699282,885.4033333333333,471.33809256908853,938.6708333333335,396.4971055599577,1235.05,1357.64,False,False,False,True,False,False,False,True,False
2024-03-01,1134.15,373.6,3,69.74333333333334,13.333333333333334,21,3,1,2024,15,386.36,1235.05,382.99,408.88,1226.18,668.1333333333333,490.96712663205204,727.4850000000001,449.2417355834162,878.0275,422.05740844161767,1235.05,1357.64,False,False,False,True,False,False,False,True,False
2024-04-01,416.41,104.1,4,46.7575,12.5,10,4,2,2024,16,1134.15,386.36,1235.05,1357.64,780.47,918.5200000000001,463.61719305910145,848.3633333333333,443.91182285073995,870.3583333333332,415.94796380914,1235.05,1357.64,False,False,False,True,False,False,False,True,False
2024-05-01,942.62,221.27,4,90.1575,17.5,19,5,2,2024,17,416.41,1134.15,386.36,593.99,707.48,645.6400000000001,423.32879148482226,691.4916666666667,391.11562803941587,840.02,435.89865354648236,1134.15,1235.05,False,False,False,True,False,False,False,True,False
2024-06-01,1603.06,630.38,3,110.92,6.666666666666667,15,6,2,2024,18,942.62,416.41,1134.15,382.99,1497.1999999999998,831.0600000000001,371.64755091349673,749.5966666666667,399.53945765927386,859.6149999999999,434.6823644811335,1134.15,1235.05,False,False,False,True,False,False,False,True,False
2024-07-01,1598.06,596.39,8,85.8325,8.75,20,7,3,2024,19,1603.06,942.62,416.41,1235.05,626.22,987.3633333333333,594.5889588895285,952.9416666666667,478.34359414197945,868.4366666666666,449.61582713029634,1603.06,1603.06,False,False,False,True,False,False,False,True,False
2024-08-01,1402.55,505.1,6,81.28666666666668,10.833333333333334,19,8,3,2024,20,1598.06,1603.06,942.62,386.36,1333.87,1381.2466666666667,379.8700626968829,1013.4433333333333,540.1282833796678,949.4233333333333,487.91518682383037,1603.06,1603.06,False,False,False,True,False,False,False,True,False
2024-09-01,2121.6800000000003,882.74,6,69.835,4.166666666666667,21,9,3,2024,21,1402.55,1598.06,1603.06,1134.15,408.88,1534.5566666666666,114.34845881486038,1182.8083333333332,457.111864707827,955.1466666666666,493.20887911961216,1603.06,1603.06,False,False,False,True,False,False,False,True,False
2024-10-01,634.62,207.91,3,47.54,8.333333333333334,15,10,4,2024,22,2121.6800000000003,1402.55,1598.06,416.41,1357.64,1707.43,371.8310596225129,1347.3966666666668,593.5204698295307,1097.8799999999999,563.5701195543866,2121.6800000000003,2121.6800000000003,False,False,False,True,False,False,False,True,False
2024-11-01,2085.1800000000003,761.82,7,64.80285714285715,5.714285714285714,36,11,4,2024,23,634.62,2121.6800000000003,1402.55,942.62,593.99,1386.2833333333335,743.6634415065284,1383.765,528.1498290352846,1037.6283333333333,571.8626254431985,2121.6800000000003,2121.6800000000003,False,False,False,True,False,False,False,True,False
2024-12-01,687.44,295.87,1,171.86,0.0,4,12,4,2024,24,2085.1800000000003,634.62,2121.6800000000003,1603.06,382.99,1613.8266666666668,848.2142032136305,1574.1916666666668,543.0490601194952,1161.8941666666667,626.1383118835115,2121.6800000000003,2121.6800000000003,False,False,False,True,False,False,False,True,False
2025-01-01,1914.07,799.23,6,79.81333333333333,3.333333333333333,20,1,1,2025,25,687.44,2085.1800000000003,634.62,1598.06,1235.05,1135.7466666666667,822.6574189377578,1421.5883333333334,651.195804974715,1187.265,597.2080455906316,2085.1800000000003,2121.6800000000003,False,False,False,True,False,False,False,True,False
2025-02-01,499.87,193.59,2,189.07,5.0,3,2,1,2025,26,1914.07,687.44,2085.1800000000003,1402.55,386.36,1562.2300000000002,762.4059391820085,1474.256666666667,680.4457516853691,1243.85,633.229220453671,2085.1800000000003,2121.6800000000003,False,False,False,True,False,False,False,True,False
2025-03-01,1116.32,374.11,7,61.28285714285715,7.857142857142857,23,3,1,2025,27,499.87,1914.07,687.44,2121.6800000000003,1134.15,1033.7933333333333,768.089111778922,1323.8100000000002,790.3814823235678,1253.3091666666667,619.9644514949421,1914.07,2121.6800000000003,False,False,False,True,False,False,False,True,False
2025-04-01,1384.98,488.45,9,75.31888888888889,7.222222222222222,25,4,2,2025,28,1116.32,499.87,1914.07,634.62,416.41,1176.7533333333333,709.0342381248831,1156.25,687.2425888432703,1251.8233333333335,620.2972721839006,1914.07,2085.1800000000003,False,False,False,True,False,False,False,True,False
2025-05-01,1013.82,342.4,4,69.4425,8.75,15,5,2,2025,29,1384.98,1116.32,499.87,2085.1800000000003,942.62,1000.39,453.8003434331005,1281.3100000000002,639.9830332126002,1332.5375,561.9846087042374,1384.98,2085.1800000000003,False,False,False,True,False,False,False,True,False
2025-06-01,200.18,46.15,3,52.06666666666666,15.0,6,6,2,2025,30,1013.82,1384.98,1116.32,687.44,1603.06,1171.7066666666667,191.67863348149532,1102.75,506.34638254854747,1338.4708333333333,557.8543667311934,1384.98,1914.07,False,False,False,True,False,False,False,True,False
2025-07-01,1008.48,264.32,4,73.7,10.0,12,7,3,2025,31,200.18,1013.82,1384.98,1914.07,1598.06,866.3266666666667,606.0144161101558,1021.54,613.923956170469,1221.5641666666668,638.5287783712912,1384.98,1914.07,False,False,False,True,False,False,False,True,False
2025-08-01,197.28,53.87,2,35.17,7.5,6,8,3,2025,32,1008.48,200.18,1013.82,499.87,1402.55,740.8266666666665,468.22136061197915,870.6083333333332,436.2090495355026,1172.4325,629.5451251372622,1013.82,1384.98,False,False,False,True,False,False,False,True,False
2025-09-01,1839.16,680.68,2,130.465,12.5,11,9,3,2025,33,197.28,1008.48,200.18,1116.32,2121.6800000000003,468.64666666666653,467.5116290888738,820.1766666666666,500.41096893120414,1071.9933333333333,683.3413715284801,1008.48,1384.98,False,False,False,True,False,False,False,True,False
2025-10-01,916.05,340.7,5,47.35,10.0,19,10,4,2025,34,1839.16,197.28,1008.48,1384.98,634.62,1014.9733333333334,820.9592597281144,940.65,650.4765798397357,1048.45,647.8328112182255,1839.16,1839.16,False,False,False,True,False,False,False,True,False
2025-11-01,361.26,117.83,3,53.24999999999999,8.333333333333334,7,11,4,2025,35,916.05,1839.16,197.28,1013.82,2085.1800000000003,984.1633333333333,823.0565310070344,862.495,613.5349528022018,1071.9025,636.4843151838072,1839.16,1839.16,False,False,False,True,False,False,False,True,False
2025-12-01,996.53,322.38,4,95.825,12.5,17,12,4,2025,36,361.26,916.05,1839.16,200.18,687.44,1038.823333333333,746.5601590182357,753.735,638.669012172972,928.2425,578.9377609683097,1839.16,1839.16,False,False,False,True,False,False,False,True,False
2023-04-01,482.46,160.91,3,99.19666666666669,6.666666666666667,7,4,2,2023,4,1137.39,654.39,537.18,,,776.32,318.14022804417556,776.32,318.14022804417556,776.32,318.14022804417556,1137.39,1137.39,False,False,False,True,False,False,False,False,True
2023-05-01,52.98,11.06,1,55.77,5.0,1,5,2,2023,5,482.46,1137.39,654.39,,,758.08,339.5541757952625,702.855,298.4357463508687,702.855,298.4357463508687,1137.39,1137.39,False,False,False,True,False,False,False,False,True
2024-05-01,70.74,11.85,1,26.2,10.0,3,5,2,2024,17,2106.24,55.14,74.68,312.87,52.98,745.3533333333334,1178.6029197882267,547.86,784.8876399332581,667.9733333333334,690.7077114134897,2106.24,2106.24,False,False,False,True,False,False,False,False,True
2024-06-01,335.92,120.86,2,129.205,2.5,4,6,2,2024,18,70.74,2106.24,55.14,,,744.04,1179.7255909744433,467.8766666666666,808.6401920425836,629.1033333333334,711.5475327038732,2106.24,2106.24,False,False,False,True,False,False,False,False,True
2024-07-01,73.52,9.51,1,17.3,15.0,5,7,3,2024,19,335.92,70.74,2106.24,,1864.12,837.6333333333332,1106.6174877225342,492.5983333333333,800.5847590959164,602.5641666666667,716.4409464525236,2106.24,2106.24,False,False,False,True,False,False,False,False,True
2024-08-01,254.28,95.8,1,63.57,0.0,4,8,3,2024,20,73.52,335.92,70.74,74.68,,160.06,152.3055704825002,452.70666666666665,817.1237467768676,513.9083333333333,710.0380722293357,335.92,2106.24,False,False,False,True,False,False,False,False,True
2024-09-01,523.35,158.98,4,76.85,6.25,11,9,3,2024,21,254.28,73.52,335.92,55.14,550.64,221.24,134.28392010959405,482.63999999999993,803.6851426273848,494.89333333333326,714.0011290586098,335.92,2106.24,False,False,False,True,False,False,False,False,True
2024-10-01,155.41,29.01,2,43.1,10.0,4,10,4,2024,22,523.35,254.28,73.52,2106.24,187.59,283.7166666666667,226.35513078641085,560.675,776.1331495497404,534.0908333333333,700.3154350908702,523.35,2106.24,False,False,False,True,False,False,False,False,True
2025-03-01,384.4,89.06,2,37.07,12.5,11,3,1,2025,27,1372.14,528.66,375.54,523.35,55.14,758.7800000000001,536.6742967573533,534.8966666666666,435.7290469393412,493.8016666666667,625.8100705025639,1372.14,1372.14,False,False,False,True,False,False,False,False,True
2025-04-01,497.83,130.46,3,86.22666666666665,13.333333333333334,10,4,2,2025,28,384.4,1372.14,528.66,155.41,2106.24,761.7333333333332,533.5259702519954,556.5833333333334,421.99068135050874,519.6116666666667,613.2130408213227,1372.14,1372.14,False,False,False,True,False,False,False,False,True
2025-05-01,110.23,21.77,2,60.18000000000001,7.5,2,5,2,2025,29,497.83,384.4,1372.14,,70.74,751.4566666666666,540.5112778040187,552.33,422.520917920048,556.5025,595.7990720357293,1372.14,1372.14,False,False,False,True,False,False,False,False,True
2025-06-01,907.92,348.65,2,88.46000000000001,5.0,11,6,2,2025,30,110.23,497.83,384.4,375.54,335.92,330.8199999999999,199.27757600894222,544.8000000000001,431.32037943969203,390.16833333333335,352.93703300970964,497.83,1372.14,False,False,False,True,False,False,False,False,True
2025-07-01,576.5,185.39,1,53.38,10.0,12,7,3,2025,31,907.92,110.23,497.83,528.66,73.52,505.32666666666654,398.8978365864286,633.5300000000001,444.10707222470563,459.93333333333334,366.5361829425037,907.92,1372.14,False,False,False,True,False,False,False,False,True
2025-08-01,1457.57,541.07,3,132.34666666666666,10.0,12,8,3,2025,32,576.5,907.92,110.23,1372.14,254.28,531.5499999999998,400.740203748014,641.5033333333334,442.2733810062127,479.9816666666666,365.71496108391017,907.92,1372.14,False,False,False,True,False,False,False,False,True
