month,total_sales,total_profit,order_count,avg_unit_price,avg_discount,total_quantity,month_num,quarter,year,time_idx,lag_1,lag_2,lag_3,lag_6,lag_12,roll_mean_3,roll_std_3,roll_mean_6,roll_std_6,roll_mean_12,roll_std_12,roll_max_3,roll_max_6,cat_Clothing & Accessories,cat_Furniture,cat_Office Supplies,cat_Technology,reg_Asia Pacific,reg_Europe,reg_Middle East & Africa,reg_North America,reg_South America
2024-01-01,0.0,0.0,0.0,55.31999999999999,0.0,0.0,1,1,2024,12,1137.85,49.64,66.02,0.0,163.99,417.8366666666666,623.6036210874125,364.32166666666666,438.36580069237453,345.9583333333333,322.98430073959076,1137.85,1137.85,True,False,False,False,True,False,False,False,False
2024-02-01,982.98,381.91,3.0,63.906666666666666,13.333333333333334,19.0,2,1,2024,13,0.0,1137.85,49.64,363.8,364.86,395.8299999999999,643.0873134341866,364.32166666666666,438.36580069237453,332.2925,334.64242487996864,1137.85,1137.85,True,False,False,False,True,False,False,False,False
2024-03-01,1226.29,522.8,4.0,68.37,10.0,23.0,3,1,2024,14,982.98,0.0,1137.85,568.62,45.26,706.9433333333333,617.1084480327045,467.51833333333326,505.89789983421224,383.8025,384.03779373969763,1137.85,1137.85,True,False,False,False,True,False,False,False,False
2024-04-01,1178.47,383.43,7.0,44.847142857142856,15.714285714285714,32.0,4,2,2024,15,1226.29,982.98,0.0,66.02,566.78,736.4233333333332,649.2606821865414,577.13,595.4977775945096,482.22166666666664,437.06390963571965,1226.29,1226.29,True,False,False,False,True,False,False,False,False
2024-05-01,1351.38,609.27,4.0,63.195,2.5,17.0,5,2,2024,16,1178.47,1226.29,982.98,49.64,372.36,1129.2466666666667,128.90749176573485,762.5383333333333,577.4438290748864,533.1958333333333,481.2582669034151,1226.29,1226.29,True,False,False,False,True,False,False,False,False
2024-06-01,298.16,92.63,3.0,43.63999999999999,8.333333333333334,7.0,6,2,2024,17,1351.38,1178.47,1226.29,1137.85,452.3200000000001,1252.0466666666666,89.28617716832173,979.4949999999999,494.63040386737237,614.7808333333334,531.8397342921734,1351.38,1351.38,True,False,False,False,True,False,False,False,False
2024-07-01,123.84,23.22,1.0,25.8,20.0,6.0,7,3,2024,18,298.16,1351.38,1178.47,0.0,0.0,942.67,564.8179548314657,839.5466666666667,555.8640197626273,601.9341666666667,537.9475574551572,1351.38,1351.38,True,False,False,False,True,False,False,False,False
2024-08-01,324.59000000000003,118.05,3.0,33.56666666666666,5.0,10.0,8,3,2024,19,123.84,298.16,1351.38,982.98,363.8,591.1266666666667,664.1428413627093,860.1866666666668,519.5700938147485,612.2541666666667,526.4145085293067,1351.38,1351.38,True,False,False,False,True,False,False,False,False
2024-09-01,389.6,159.92000000000002,2.0,41.56,0.0,9.0,9,3,2024,20,324.59000000000003,123.84,298.16,1226.29,568.62,248.86333333333326,109.07686112706412,750.4549999999999,556.6515546641363,608.9866666666667,528.21549182702,324.59000000000003,1351.38,True,False,False,False,True,False,False,False,False
2024-10-01,447.44,135.07,6.0,41.10666666666667,7.5,13.0,10,4,2024,21,389.6,324.59000000000003,123.84,1178.47,66.02,279.34333333333325,138.53714315421996,611.0066666666667,516.9965424126806,594.0683333333333,531.9738566343502,389.6,1351.38,True,False,False,False,True,False,False,False,False
2024-11-01,692.06,262.32,3.0,71.05,11.666666666666666,10.0,11,4,2024,22,447.44,389.6,324.59000000000003,1351.38,49.64,387.20999999999987,61.45986251204531,489.16833333333335,436.3711877022435,625.8533333333334,508.4289006042997,447.44,1351.38,True,False,False,False,True,False,False,False,False
2024-12-01,343.63,153.66,1.0,49.09,0.0,7.0,12,4,2024,23,692.06,447.44,389.6,298.16,1137.85,509.6999999999999,160.5544879472371,379.2816666666667,188.36382905607604,679.3883333333333,474.96114474254784,692.06,692.06,True,False,False,False,True,False,False,False,False
2025-01-01,53.14,11.55,1.0,31.26,15.0,2.0,1,1,2025,24,343.63,692.06,447.44,123.84,0.0,494.37666666666655,178.89425433292385,386.85999999999996,185.33774046318783,613.2033333333333,460.3802861930031,692.06,692.06,True,False,False,False,True,False,False,False,False
2025-02-01,423.92,139.23000000000002,4.0,42.715,6.25,11.0,2,1,2025,25,53.14,343.63,692.06,324.59000000000003,982.98,362.9433333333332,319.89755427844847,375.07666666666665,206.4494255421086,617.6316666666668,454.15930072314194,692.06,692.06,True,False,False,False,True,False,False,False,False
2025-03-01,61.85,19.77,1.0,61.85,0.0,1.0,3,1,2025,26,423.92,53.14,343.63,389.6,1226.29,273.5633333333333,195.06782264979762,391.63166666666666,205.57197575707306,571.0433333333334,441.78012900975835,423.92,692.06,True,False,False,False,True,False,False,False,False
2025-04-01,1643.43,757.84,4.0,60.93,2.5,16.0,4,2,2025,27,61.85,423.92,53.14,447.44,1178.47,179.63666666666657,211.6003928005166,337.00666666666666,245.82419015765444,474.00666666666666,411.6267933088138,423.92,692.06,True,False,False,False,True,False,False,False,False
2025-05-01,147.53,49.18,1.0,40.98,10.0,4.0,5,2,2025,28,1643.43,61.85,423.92,692.06,1351.38,709.7333333333332,828.6228154192551,536.3383333333333,593.0084969177647,512.7533333333333,496.9973002548465,1643.43,1643.43,True,False,False,False,True,False,False,False,False
2025-06-01,96.82,27.69,1.0,17.93,10.0,6.0,6,2,2025,29,147.53,1643.43,61.85,343.63,298.16,617.6033333333332,889.42426778975,445.5833333333333,605.9371666325367,412.43249999999995,429.20557090184866,1643.43,1643.43,True,False,False,False,True,False,False,False,False
2025-07-01,732.12,240.58,6.0,58.60833333333334,10.833333333333334,16.0,7,3,2025,30,96.82,147.53,1643.43,53.14,123.84,629.2599999999999,878.6628862652614,404.4483333333333,622.396674265429,395.6541666666667,437.92553739105284,1643.43,1643.43,True,False,False,False,True,False,False,False,False
2025-08-01,126.22,44.14,1.0,35.06,10.0,4.0,8,3,2025,31,732.12,96.82,147.53,423.92,324.59000000000003,325.48999999999995,353.0635122750578,517.6116666666667,607.2896568661996,446.3441666666667,438.8061429390666,732.12,1643.43,True,False,False,False,True,False,False,False,False
2025-09-01,123.14,31.950000000000003,2.0,61.585,15.0,3.0,9,3,2025,32,126.22,732.12,96.82,61.85,389.6,318.3866666666666,358.6049962470311,467.99499999999995,628.2741540681105,429.8133333333333,447.46105218693884,732.12,1643.43,True,False,False,False,True,False,False,False,False
2025-10-01,426.56,159.65000000000003,3.0,35.663333333333334,5.0,12.0,10,4,2025,33,123.14,126.22,732.12,1643.43,447.44,327.1599999999999,350.70902868332297,478.21000000000004,620.803865323018,407.60833333333335,456.16484284906824,732.12,1643.43,True,False,False,False,True,False,False,False,False
2025-11-01,1062.21,473.89,3.0,81.93,5.0,11.0,11,4,2025,34,426.56,123.14,126.22,147.53,692.06,225.30666666666662,174.29730271387814,275.39833333333337,254.99875971593795,405.86833333333334,456.03890136764215,426.56,732.12,True,False,False,False,True,False,False,False,False
2025-12-01,778.83,295.37,3.0,47.59666666666666,6.666666666666667,19.0,12,4,2025,35,1062.21,426.56,123.14,96.82,343.63,537.3033333333333,479.2297785335685,427.845,397.0904703842689,436.7141666666667,488.5179259102025,1062.21,1062.21,True,False,False,False,True,False,False,False,False
2024-01-01,340.49,108.97,3.0,49.15333333333333,10.0,8.0,1,1,2024,12,110.59,14.93,963.32,592.16,26.5,362.94666666666666,522.1339037386228,418.2049999999999,374.69194743148665,335.87583333333333,290.1862480125584,963.32,963.32,True,False,False,False,False,True,False,False,False
2024-02-01,652.8,263.5,4.0,50.8025,5.0,14.0,2,1,2024,13,340.49,110.59,14.93,656.26,356.3,155.3366666666666,167.32909649350682,376.26,365.2925562887916,362.0416666666667,273.4261938251289,340.49,963.32,True,False,False,False,False,True,False,False,False
2024-03-01,19.9,-0.53,1.0,24.87,20.0,1.0,3,1,2024,14,652.8,340.49,110.59,171.97,514.15,367.95999999999987,272.1467833725028,375.68333333333334,364.7644814762899,386.75,285.9691876281906,652.8,963.32,True,False,False,False,False,True,False,False,False
2024-04-01,410.69,107.49,4.0,35.57,17.5,14.0,4,2,2024,15,19.9,652.8,340.49,963.32,173.2,337.72999999999985,316.4590268897381,350.33833333333337,386.3920492668899,345.5625,301.14227679786177,652.8,963.32,True,False,False,False,False,True,False,False,False
2024-05-01,572.41,218.69,4.0,55.665,7.5,10.0,5,2,2024,16,410.69,19.9,652.8,14.93,275.25,361.1299999999999,319.34737778788786,258.2333333333333,254.3579731533232,365.3533333333333,296.5538452513023,652.8,652.8,True,False,False,False,False,True,False,False,False
2024-06-01,54.94,8.83,1.0,22.89,20.0,3.0,6,2,2024,17,572.41,410.69,19.9,110.59,175.88,334.3333333333332,284.0591143289251,351.1466666666666,249.4806739342081,390.1166666666666,300.72355092142,572.41,652.8,True,False,False,False,False,True,False,False,False
2024-07-01,817.21,302.52,5.0,51.078,12.0,22.0,7,3,2024,18,54.94,572.41,410.69,340.49,592.16,346.01333333333315,264.72835819634685,341.8716666666666,260.9818994042818,380.03833333333324,310.4261542646095,572.41,652.8,True,False,False,False,False,True,False,False,False
2024-08-01,354.18,114.87,4.0,27.957500000000003,8.75,14.0,8,3,2024,19,817.21,54.94,572.41,652.8,656.26,481.5199999999998,389.17814982344527,421.325,325.1539291320343,398.7925,330.5520464073561,817.21,817.21,True,False,False,False,False,True,False,False,False
2024-09-01,234.22,71.96,3.0,36.66666666666666,8.333333333333334,6.0,9,3,2024,20,354.18,817.21,54.94,19.9,171.97,408.7766666666666,384.05661722372827,371.5549999999999,304.8576212430977,373.6191666666666,320.5120349877204,817.21,817.21,True,False,False,False,False,True,False,False,False
2024-10-01,1557.95,646.53,6.0,53.29166666666666,5.833333333333333,38.0,10,4,2024,21,234.22,354.18,817.21,410.69,963.32,468.5366666666666,307.85941667152775,407.2749999999999,265.4185370127716,378.8066666666667,317.44067873407704,817.21,817.21,True,False,False,False,False,True,False,False,False
2024-11-01,1602.1799999999998,656.6700000000001,6.0,54.54166666666666,8.333333333333334,32.0,11,4,2024,22,1557.95,234.22,354.18,572.41,14.93,715.4499999999998,732.0876231025902,598.485,539.7978710128449,428.3591666666666,439.8049350969201,1557.95,1557.95,True,False,False,False,False,True,False,False,False
2024-12-01,599.81,213.13,4.0,43.425,6.25,18.0,12,4,2024,23,1602.1799999999998,1557.95,234.22,54.94,110.59,1131.4499999999998,777.3386185569323,770.1133333333333,676.2979737265716,560.63,532.9759488859784,1602.1799999999998,1602.1799999999998,True,False,False,False,False,True,False,False,False
2025-01-01,911.18,383.68,2.0,69.66499999999999,7.5,15.0,1,1,2025,24,599.81,1602.1799999999998,1557.95,817.21,340.49,1253.3133333333333,566.3824045936926,860.9250000000001,592.4431655694915,601.3983333333333,513.7873074060074,1602.1799999999998,1602.1799999999998,True,False,False,False,False,True,False,False,False
2025-02-01,485.12,169.5,3.0,41.53,8.333333333333334,14.0,2,1,2025,25,911.18,599.81,1602.1799999999998,354.18,652.8,1037.7233333333331,513.0266227334926,876.5866666666667,592.2984651564333,648.9558333333333,513.8537378292198,1602.1799999999998,1602.1799999999998,True,False,False,False,False,True,False,False,False
2025-03-01,132.02,40.31,2.0,44.74,7.5,3.0,3,1,2025,26,485.12,911.18,599.81,234.22,19.9,665.3699999999998,220.46624707650858,898.41,571.2385206899128,634.9825,516.0150329756083,911.18,1602.1799999999998,True,False,False,False,False,True,False,False,False
2025-04-01,0.0,0.0,0.0,55.31999999999999,0.0,0.0,4,2,2025,27,132.02,485.12,911.18,1557.95,410.69,509.4399999999998,390.1489115709541,881.3766666666666,595.9918970813836,644.3258333333333,504.75771657766353,911.18,1602.1799999999998,True,False,False,False,False,True,False,False,False
2025-05-01,598.63,240.29,4.0,34.7225,2.5,20.0,5,2,2025,28,0.0,132.02,485.12,1602.1799999999998,572.41,205.71333333333317,250.815438387141,621.7183333333334,581.4757707219336,610.1016666666667,535.0529651578826,485.12,1602.1799999999998,True,False,False,False,False,True,False,False,False
2025-06-01,423.14,147.06,4.0,33.067499999999995,10.0,14.0,6,2,2025,29,598.63,0.0,132.02,599.81,54.94,243.54999999999984,314.51339383244135,454.46,335.24505979954455,612.2866666666666,534.9385756978991,598.63,911.18,True,False,False,False,False,True,False,False,False
2025-07-01,1383.95,532.23,8.0,43.0875,7.5,31.0,7,3,2025,30,423.14,598.63,0.0,911.18,817.21,340.58999999999986,307.7342134050101,425.01500000000004,327.59686272917844,642.9699999999999,510.0441717769514,598.63,911.18,True,False,False,False,False,True,False,False,False
2025-08-01,1554.44,597.2,7.0,40.701428571428565,9.285714285714286,40.0,8,3,2025,31,1383.95,423.14,598.63,485.12,354.18,801.9066666666664,511.6444238270689,503.80999999999995,486.3222259366728,690.1983333333333,552.1463266172923,1383.95,1383.95,True,False,False,False,False,True,False,False,False
2025-09-01,429.03,147.23000000000002,3.0,57.57,15.0,10.0,9,3,2025,32,1554.44,1383.95,423.14,132.02,234.22,1120.51,609.9265510698806,682.03,647.3710539713682,790.2199999999999,592.9490671366148,1554.44,1554.44,True,False,False,False,False,True,False,False,False
2025-10-01,599.0699999999999,231.39,3.0,60.49333333333334,10.0,10.0,10,4,2025,33,429.03,1554.44,1383.95,0.0,1557.95,1122.4733333333331,606.5595209320622,731.5316666666666,606.9994921716712,806.4541666666665,578.8416486626676,1554.44,1554.44,True,False,False,False,False,True,False,False,False
2025-11-01,0.0,0.0,0.0,55.31999999999999,0.0,0.0,11,4,2025,34,599.0699999999999,429.03,1554.44,598.63,1602.1799999999998,860.8466666666665,606.6565621777557,831.3766666666667,502.958305853146,726.5475,529.7748661652934,1554.44,1554.44,True,False,False,False,False,True,False,False,False
2025-12-01,1375.01,537.46,5.0,42.932,7.0,31.0,12,4,2025,35,0.0,599.0699999999999,429.03,423.14,599.81,342.6999999999998,308.7245825975,731.6049999999999,606.9802509719736,593.0324999999999,489.387319097238,599.0699999999999,1554.44,True,False,False,False,False,True,False,False,False
2024-01-01,0.0,0.0,0.0,55.31999999999999,0.0,0.0,1,1,2024,12,474.71,0.0,382.78,0.0,185.18,285.83,251.76749770373448,241.42333333333332,272.5798450851909,237.13166666666666,236.37954464006066,474.71,591.05,True,False,False,False,False,False,True,False,False
2024-02-01,435.84,199.01,1.0,108.96,0.0,4.0,2,1,2024,13,0.0,474.71,0.0,591.05,582.24,158.23666666666665,274.0739462870072,241.42333333333332,272.5798450851909,221.70000000000002,245.93106868684674,474.71,591.05,True,False,False,False,False,False,True,False,False
2024-03-01,0.0,0.0,0.0,55.31999999999999,0.0,0.0,3,1,2024,14,435.84,0.0,474.71,0.0,394.05,303.51666666666665,263.5706630741238,215.55499999999998,237.92556396906997,209.5,229.50218141169654,474.71,474.71,True,False,False,False,False,False,True,False,False
2024-04-01,629.96,274.69,1.0,82.89,5.0,8.0,4,2,2024,15,0.0,435.84,0.0,382.78,40.72,145.28,251.63234132360643,215.55499999999998,237.92556396906997,176.6625,228.88577830735494,435.84,474.71,True,False,False,False,False,False,True,False,False
2024-05-01,0.0,0.0,0.0,55.31999999999999,0.0,0.0,5,2,2024,16,629.96,0.0,435.84,0.0,0.0,355.26666666666665,322.616563327634,256.75166666666667,288.6614561327277,225.76583333333335,258.3761012540487,629.96,629.96,True,False,False,False,False,False,True,False,False
2024-06-01,64.87,16.79,1.0,34.14,5.0,2.0,6,2,2024,17,0.0,629.96,0.0,474.71,194.85,209.98666666666668,363.7075755786966,256.75166666666667,288.6614561327277,225.76583333333335,258.3761012540487,629.96,629.96,True,False,False,False,False,False,True,False,False
2024-07-01,20.12,-5.67,1.0,25.15,20.0,1.0,7,3,2024,18,64.87,0.0,629.96,0.0,0.0,231.61,346.5026278399631,188.44500000000002,274.93457983673136,214.93416666666667,262.4818759269895,629.96,629.96,True,False,False,False,False,False,True,False,False
2024-08-01,0.0,0.0,0.0,55.31999999999999,0.0,0.0,8,3,2024,19,20.12,64.87,0.0,435.84,591.05,28.330000000000002,33.20515472031401,191.79833333333332,272.2864060078407,216.61083333333332,261.0444434629452,64.87,629.96,True,False,False,False,False,False,True,False,False
2024-09-01,375.0,100.68,1.0,62.5,25.0,8.0,9,3,2024,20,0.0,20.12,64.87,0.0,0.0,28.330000000000002,33.20515472031401,119.15833333333335,251.50359141902263,167.35666666666665,238.78291861907215,64.87,629.96,True,False,False,False,False,False,True,False,False
2024-10-01,948.45,387.38,3.0,90.0,11.666666666666666,15.0,10,4,2024,21,375.0,0.0,20.12,629.96,382.78,131.70666666666668,210.93823298144247,181.65833333333333,262.3314820921551,198.60666666666665,239.42712963668217,375.0,629.96,True,False,False,False,False,False,True,False,False
2024-11-01,0.0,0.0,0.0,55.31999999999999,0.0,0.0,11,4,2024,22,948.45,375.0,0.0,0.0,0.0,441.15000000000003,477.6727096035526,234.74,377.93600733457515,245.74583333333337,320.8311436214138,948.45,948.45,True,False,False,False,False,False,True,False,False
2024-12-01,220.36,92.77,1.0,55.09,0.0,4.0,12,4,2024,23,0.0,948.45,375.0,64.87,474.71,441.15000000000003,477.6727096035526,234.74,377.93600733457515,245.74583333333337,320.8311436214138,948.45,948.45,True,False,False,False,False,False,True,False,False
2025-01-01,0.0,0.0,0.0,55.31999999999999,0.0,0.0,1,1,2025,24,220.36,0.0,948.45,20.12,0.0,389.6033333333333,496.3585700210416,260.65500000000003,369.1881830042777,224.55000000000004,312.62634400132754,948.45,948.45,True,False,False,False,False,False,True,False,False
2025-02-01,0.0,0.0,0.0,55.31999999999999,0.0,0.0,2,1,2025,25,0.0,220.36,0.0,0.0,435.84,73.45333333333333,127.22490531862574,257.3016666666667,371.8913943837188,224.55000000000004,312.62634400132754,220.36,948.45,True,False,False,False,False,False,True,False,False
2025-03-01,0.0,0.0,0.0,55.31999999999999,0.0,0.0,3,1,2025,26,0.0,0.0,220.36,375.0,0.0,73.45333333333333,127.22490531862574,257.3016666666667,371.8913943837188,188.23000000000002,311.1616169072973,220.36,948.45,True,False,False,False,False,False,True,False,False
2025-04-01,329.91,131.63,1.0,31.57,5.0,11.0,4,2,2025,27,0.0,0.0,0.0,948.45,629.96,0.0,0.0,194.80166666666665,379.58656353546905,188.23000000000002,311.1616169072973,0.0,948.45,True,False,False,False,False,False,True,False,False
2025-05-01,56.7,11.72,1.0,14.92,5.0,4.0,5,2,2025,28,329.91,0.0,0.0,0.0,0.0,109.97000000000001,190.47362730834945,91.71166666666666,146.24155283867384,163.22583333333333,283.24136823751684,329.91,329.91,True,False,False,False,False,False,True,False,False
2025-06-01,204.72,60.94,3.0,37.51333333333333,1.6666666666666667,6.0,6,2,2025,29,56.7,329.91,0.0,220.36,64.87,128.87,176.3987916625281,101.16166666666668,140.86300499658037,167.95083333333335,280.7327380739823,329.91,329.91,True,False,False,False,False,False,True,False,False
2025-07-01,138.21,54.93,1.0,46.07,0.0,3.0,7,3,2025,30,204.72,56.7,329.91,0.0,20.12,197.11,136.76388448709696,98.555,138.33817141338815,179.60500000000002,278.9617195471939,329.91,329.91,True,False,False,False,False,False,True,False,False
2025-08-01,338.72,117.75,1.0,79.7,15.0,5.0,8,3,2025,31,138.21,204.72,56.7,0.0,0.0,133.21,74.13656385347245,121.59000000000002,129.89458187314807,189.44583333333335,274.87716719417966,204.72,329.91,True,False,False,False,False,False,True,False,False
2025-09-01,231.54,81.44,2.0,46.465,5.0,6.0,9,3,2025,32,338.72,138.21,204.72,0.0,375.0,227.2166666666667,102.13050491079214,178.04333333333338,139.71574552163634,217.6725,271.01897686408336,338.72,338.72,True,False,False,False,False,False,True,False,False
2025-10-01,0.0,0.0,0.0,55.31999999999999,0.0,0.0,10,4,2025,33,231.54,338.72,138.21,329.91,948.45,236.15666666666667,100.33469107608464,216.63333333333335,109.38901584101873,205.7175,266.5758369028494,338.72,338.72,True,False,False,False,False,False,True,False,False
2025-11-01,200.61,68.72,2.0,39.38,5.0,5.0,11,4,2025,34,0.0,231.54,338.72,56.7,0.0,190.08666666666667,173.1230595077771,161.64833333333334,123.11627064148199,126.68,133.95876278643635,338.72,338.72,True,False,False,False,False,False,True,False,False
2025-12-01,121.12,43.67,1.0,30.28,0.0,4.0,12,4,2025,35,200.61,0.0,231.54,204.72,220.36,144.04999999999998,125.70587933744386,185.63333333333335,112.10732173532041,143.3975,129.14353403903314,231.54,338.72,True,False,False,False,False,False,True,False,False
2024-01-01,774.4200000000001,252.87,5.0,52.364,14.0,18.0,1,1,2024,12,543.84,41.11,129.12,648.47,214.4,238.02333333333328,268.47591183071415,550.5083333333333,413.5826748507082,381.30333333333334,337.0487077380342,543.84,1137.86,True,False,False,False,False,False,False,True,False
2024-02-01,285.84000000000003,111.97,2.0,33.49,2.5,10.0,2,1,2024,13,774.4200000000001,543.84,41.11,1137.86,253.97,453.1233333333333,374.97736496131785,571.5,422.64623282362277,427.97166666666675,350.3464436248869,774.4200000000001,1137.86,True,False,False,False,False,False,False,True,False
2024-03-01,152.19,63.6,1.0,32.04,5.0,5.0,3,1,2024,14,285.84000000000003,774.4200000000001,543.84,802.65,370.97,534.6999999999999,244.41820472297064,429.49666666666667,326.49578757874764,430.62750000000005,349.0258033473639,774.4200000000001,802.65,True,False,False,False,False,False,False,True,False
2024-04-01,276.13,91.82,3.0,51.71,13.333333333333334,7.0,4,2,2024,15,152.19,285.84000000000003,774.4200000000001,129.12,79.15,404.1499999999999,327.5522634634052,321.08666666666664,282.8910409091577,412.3958333333333,358.0234661546981,774.4200000000001,774.4200000000001,True,False,False,False,False,False,False,True,False
2024-05-01,764.8299999999999,301.82,4.0,47.78,11.25,17.0,5,2,2024,16,276.13,152.19,285.84000000000003,41.11,134.2,238.05333333333328,74.51815237466221,345.58833333333337,268.96267989568133,428.8108333333334,345.6576065588167,285.84000000000003,774.4200000000001,True,False,False,False,False,False,False,True,False
2024-06-01,880.2199999999999,347.21000000000004,8.0,48.58625,6.25,18.0,6,2,2024,17,764.8299999999999,276.13,152.19,543.84,219.9,397.7166666666665,323.91268967629736,466.2083333333333,267.382134438086,481.3633333333334,344.7321944596555,764.8299999999999,774.4200000000001,True,False,False,False,False,False,False,True,False
2024-07-01,298.57,97.45,3.0,46.32666666666668,11.666666666666666,8.0,7,3,2024,18,880.2199999999999,764.8299999999999,276.13,774.4200000000001,648.47,640.3933333333332,320.6938493849442,522.2716666666666,317.4858829879947,536.39,351.8304734075515,880.2199999999999,880.2199999999999,True,False,False,False,False,False,False,True,False
2024-08-01,565.81,234.65,4.0,58.8175,5.0,10.0,8,3,2024,19,298.57,880.2199999999999,764.8299999999999,285.84000000000003,1137.86,647.8733333333332,307.958320285933,442.9633333333333,300.9023804270526,507.2316666666666,356.1697025763608,880.2199999999999,880.2199999999999,True,False,False,False,False,False,False,True,False
2024-09-01,445.46,176.17,4.0,21.965,7.5,20.0,9,3,2024,20,565.81,298.57,880.2199999999999,152.19,802.65,581.5333333333332,291.14360379945373,489.625,293.2749247890109,459.5608333333333,297.54979010268437,880.2199999999999,880.2199999999999,True,False,False,False,False,False,False,True,False
2024-10-01,401.74,133.93,5.0,39.966,11.0,13.0,10,4,2024,21,445.46,565.81,298.57,276.13,129.12,436.61333333333323,133.83946366200558,538.5033333333332,246.49727249336183,429.795,277.2841097469919,565.81,880.2199999999999,True,False,False,False,False,False,False,True,False
2024-11-01,428.75,147.23000000000002,4.0,39.3725,11.25,13.0,11,4,2024,22,401.74,445.46,565.81,764.8299999999999,41.11,471.0033333333333,84.96521425461899,559.4383333333334,224.07111580180668,452.5133333333334,261.10593601877844,565.81,880.2199999999999,True,False,False,False,False,False,False,True,False
2024-12-01,929.74,388.05,5.0,39.998000000000005,5.0,24.0,12,4,2024,23,428.75,401.74,445.46,880.2199999999999,543.84,425.3166666666666,22.06128811591283,503.425,203.52300476850286,484.81666666666666,227.3822047220108,445.46,880.2199999999999,True,False,False,False,False,False,False,True,False
2025-01-01,203.63,83.05,2.0,22.045,2.5,9.0,1,1,2025,24,929.74,428.75,401.74,298.57,774.4200000000001,586.7433333333332,297.3506684595367,511.6783333333333,222.02223739226372,516.975,261.25439623965275,929.74,929.74,True,False,False,False,False,False,False,True,False
2025-02-01,320.74,119.42,3.0,49.81999999999999,10.0,7.0,2,1,2025,25,203.63,929.74,428.75,565.81,285.84000000000003,520.7066666666666,371.6866347251853,495.855,242.67085368869505,469.40916666666664,262.0807498899505,929.74,929.74,True,False,False,False,False,False,False,True,False
2025-03-01,860.0699999999999,351.64,5.0,41.488,3.0,19.0,3,1,2025,26,320.74,203.63,929.74,445.46,152.19,484.7033333333332,389.8357526360728,455.01,249.08126914724053,472.31749999999994,260.04420872840416,929.74,929.74,True,False,False,False,False,False,False,True,False
2025-04-01,77.03,24.24,1.0,90.62,15.0,1.0,4,2,2025,27,860.0699999999999,320.74,203.63,401.74,276.13,461.47999999999985,350.12023520499355,524.1116666666667,298.50948135137463,531.3075,261.1104676055363,860.0699999999999,929.74,True,False,False,False,False,False,False,True,False
2025-05-01,806.47,325.84,6.0,46.75333333333333,10.0,19.0,5,2,2025,28,77.03,860.0699999999999,320.74,428.75,764.8299999999999,419.2799999999999,400.7125018014786,469.99333333333334,350.1068351613072,514.7158333333333,284.1117784015917,860.0699999999999,929.74,True,False,False,False,False,False,False,True,False
2025-06-01,492.35,210.17,2.0,68.045,10.0,8.0,6,2,2025,29,806.47,77.03,860.0699999999999,929.74,880.2199999999999,581.1899999999999,437.4371031359823,532.9466666666666,374.3289413693078,518.1858333333333,287.6761808782524,860.0699999999999,929.74,True,False,False,False,False,False,False,True,False
2025-07-01,655.53,255.49,3.0,56.56333333333333,6.666666666666667,15.0,7,3,2025,30,492.35,806.47,77.03,203.63,298.57,458.6166666666666,365.88814101215877,460.04833333333335,320.2901558535115,485.8633333333333,264.12725236602193,806.47,860.0699999999999,True,False,False,False,False,False,False,True,False
2025-08-01,53.12,11.02,2.0,28.505,7.5,2.0,8,3,2025,31,655.53,492.35,806.47,320.74,565.81,651.4499999999999,157.0997402925927,535.365,300.4516727695155,515.61,261.20087616447785,806.47,860.0699999999999,True,False,False,False,False,False,False,True,False
2025-09-01,152.25,42.64,3.0,22.636666666666667,16.666666666666668,10.0,9,3,2025,32,53.12,655.53,492.35,860.0699999999999,445.46,400.33333333333326,311.5682144143291,490.7616666666666,353.81227895123527,472.8858333333333,292.3194986019215,655.53,860.0699999999999,True,False,False,False,False,False,False,True,False
2025-10-01,2662.89,1208.73,7.0,68.74857142857142,3.571428571428572,41.0,10,4,2025,33,152.25,53.12,655.53,77.03,401.74,286.9666666666666,323.01066117596383,372.7916666666667,322.68114964569406,448.45166666666665,306.71994943072724,655.53,806.47,True,False,False,False,False,False,False,True,False
2025-11-01,0.0,0.0,0.0,55.31999999999999,0.0,0.0,11,4,2025,34,2662.89,152.25,53.12,806.47,428.75,956.0866666666666,1478.9658221991924,803.7683333333333,955.3267201626188,636.8808333333333,707.7709531461603,2662.89,2662.89,True,False,False,False,False,False,False,True,False
2025-12-01,1061.12,451.64,5.0,55.752,7.0,18.0,12,4,2025,35,0.0,2662.89,152.25,492.35,929.74,938.38,1495.4083290860726,669.3566666666667,1010.0379170242405,601.1516666666666,729.7145653153246,2662.89,2662.89,True,False,False,False,False,False,False,True,False
2024-01-01,88.36,15.03,2.0,16.915,10.0,7.0,1,1,2024,12,0.0,379.85,779.58,142.12,264.48,386.47666666666674,389.83224421965554,353.5583333333334,372.63391227405305,368.35999999999996,444.6507294904211,779.58,819.8,True,False,False,False,False,False,False,False,True
2024-02-01,0.0,0.0,0.0,55.31999999999999,0.0,0.0,2,1,2024,13,88.36,0.0,379.85,819.8,1468.85,156.07000000000005,198.77119685708925,344.59833333333336,379.32109366164525,353.6833333333334,451.2488805996357,379.85,819.8,True,False,False,False,False,False,False,False,True
2024-03-01,92.86,6.95,1.0,14.51,20.0,8.0,3,1,2024,14,0.0,88.36,0.0,0.0,275.31,29.453333333333372,51.01466978559221,207.965,316.33584720989177,231.27916666666667,292.5721232435559,88.36,779.58,True,False,False,False,False,False,False,False,True
2024-04-01,370.36,155.03,1.0,77.97,5.0,5.0,4,2,2024,15,92.86,0.0,88.36,779.58,0.0,60.4066666666667,52.36207151491456,223.4416666666667,306.2366397684422,216.07500000000002,294.80811502029286,92.86,779.58,True,False,False,False,False,False,False,False,True
2024-05-01,479.7,216.76,1.0,79.95,0.0,6.0,5,2,2024,16,370.36,92.86,0.0,379.85,227.06,154.40666666666672,192.6982784908393,155.23833333333334,175.0939065092405,246.93833333333336,289.4689468298593,370.36,379.85,True,False,False,False,False,False,False,False,True
2024-06-01,38.26,3.38,1.0,47.83,20.0,1.0,6,2,2024,17,479.7,370.36,92.86,0.0,63.27,314.3066666666667,199.4186012721309,171.88,203.20072952624943,267.9916666666667,296.9816208219974,479.7,479.7,True,False,False,False,False,False,False,False,True
2024-07-01,0.0,0.0,0.0,55.31999999999999,0.0,0.0,7,3,2024,18,38.26,479.7,370.36,88.36,142.12,296.10666666666674,229.8966866514894,178.25666666666666,197.24111190790484,265.9075,298.6321037094122,479.7,479.7,True,False,False,False,False,False,False,False,True
2024-08-01,592.01,210.82,2.0,76.12,15.0,8.0,8,3,2024,19,0.0,38.26,479.7,0.0,819.8,172.6533333333334,266.5974465994246,163.53,208.28493051586804,254.06416666666667,306.69688113712937,479.7,479.7,True,False,False,False,False,False,False,False,True
2024-09-01,31.92,3.89,1.0,31.92,0.0,1.0,9,3,2024,20,592.01,0.0,38.26,92.86,0.0,210.09000000000006,331.3051791022889,262.1983333333333,251.1387946468379,235.08166666666668,273.7814449132518,592.01,592.01,True,False,False,False,False,False,False,False,True
2024-10-01,216.09,50.94,3.0,34.916666666666664,11.666666666666666,7.0,10,4,2024,21,31.92,592.01,0.0,370.36,779.58,207.97666666666672,332.9653471959703,252.0416666666667,260.41780403164955,237.74166666666667,271.4348140340458,592.01,592.01,True,False,False,False,False,False,False,False,True
2024-11-01,0.0,0.0,0.0,55.31999999999999,0.0,0.0,11,4,2024,22,216.09,31.92,592.01,479.7,379.85,280.0066666666667,285.46314514019684,226.33,253.93460528254113,190.7841666666667,211.24423058106916,592.01,592.01,True,False,False,False,False,False,False,False,True
2024-12-01,0.0,0.0,0.0,55.31999999999999,0.0,0.0,12,4,2024,23,0.0,216.09,31.92,38.26,0.0,82.67000000000007,116.64216175980144,146.38,232.84793999518217,159.13,208.78310803319323,216.09,592.01,True,False,False,False,False,False,False,False,True
2025-01-01,0.0,0.0,0.0,55.31999999999999,0.0,0.0,1,1,2025,24,0.0,0.0,216.09,0.0,88.36,72.03000000000007,124.75961966918496,140.00333333333333,236.8898539546737,159.13,208.78310803319323,216.09,592.01,True,False,False,False,False,False,False,False,True
2025-02-01,0.0,0.0,0.0,55.31999999999999,0.0,0.0,2,1,2025,25,0.0,0.0,0.0,592.01,0.0,0.0,0.0,140.00333333333333,236.8898539546737,151.76666666666668,213.02103781437924,0.0,592.01,True,False,False,False,False,False,False,False,True
2025-03-01,158.63,58.41,1.0,55.66,5.0,3.0,3,1,2025,26,0.0,0.0,0.0,31.92,92.86,0.0,0.0,41.335,86.5589754444908,151.76666666666668,213.02103781437924,0.0,216.09,True,False,False,False,False,False,False,False,True
2025-04-01,18.14,-5.55,1.0,10.67,15.0,2.0,4,2,2025,27,158.63,0.0,0.0,216.09,370.36,52.87666666666674,91.58507320155033,62.453333333333326,98.443742242291,157.2475,212.21220589199268,158.63,216.09,True,False,False,False,False,False,False,False,True
2025-05-01,272.37,53.65,3.0,29.94666666666667,10.0,11.0,5,2,2025,28,18.14,158.63,0.0,0.0,479.7,58.9233333333334,86.82355344797477,29.461666666666662,63.69395212001395,127.89583333333336,204.2658558420345,158.63,158.63,True,False,False,False,False,False,False,False,True
2025-06-01,0.0,0.0,0.0,55.31999999999999,0.0,0.0,6,2,2025,29,272.37,18.14,158.63,0.0,38.26,149.7133333333334,127.34933621080768,74.85666666666667,114.94070656937268,110.61833333333334,179.01102240483485,272.37,272.37,True,False,False,False,False,False,False,False,True
2025-07-01,0.0,0.0,0.0,55.31999999999999,0.0,0.0,7,3,2025,30,0.0,272.37,18.14,0.0,0.0,96.83666666666674,152.28666466021681,74.85666666666667,114.94070656937268,107.43,180.74922587536992,272.37,272.37,True,False,False,False,False,False,False,False,True
2025-08-01,0.0,0.0,0.0,55.31999999999999,0.0,0.0,8,3,2025,31,0.0,0.0,272.37,0.0,592.01,90.79000000000008,157.25289281917836,74.85666666666667,114.94070656937268,107.43,180.74922587536992,272.37,272.37,True,False,False,False,False,False,False,False,True
2025-09-01,0.0,0.0,0.0,55.31999999999999,0.0,0.0,9,3,2025,32,0.0,0.0,0.0,158.63,31.92,0.0,0.0,74.85666666666667,114.94070656937268,58.09583333333333,98.5763283827526,0.0,272.37,True,False,False,False,False,False,False,False,True
2025-10-01,34.47,2.66,1.0,40.55,15.0,1.0,10,4,2025,33,0.0,0.0,0.0,18.14,216.09,0.0,0.0,48.41833333333333,109.9531413678874,55.435833333333335,99.77030989029801,0.0,272.37,True,False,False,False,False,False,False,False,True
2025-11-01,878.05,399.3,2.0,102.66,2.5,9.0,11,4,2025,34,34.47,0.0,0.0,272.37,0.0,11.490000000000075,19.9012637789664,51.14000000000001,109.25365000767691,40.30083333333334,86.01070139109385,34.47,272.37,True,False,False,False,False,False,False,False,True
2025-12-01,73.25,22.54,1.0,77.11,5.0,1.0,12,4,2025,35,878.05,34.47,0.0,0.0,0.0,304.1733333333334,497.2905253806202,152.08666666666667,355.9151186261503,113.47166666666665,255.3657105134921,878.05,878.05,True,False,False,False,False,False,False,False,True
2024-01-01,204.53,29.95,2.0,113.645,15.0,3.0,1,1,2024,12,2927.84,1963.3,2938.99,4568.56,3242.82,2610.0433333333335,560.123901501565,2408.33,1381.526352206139,2164.8233333333333,1541.3112042751918,2938.99,4568.56,False,True,False,False,True,False,False,False,False
2024-02-01,2341.66,654.84,2.0,246.155,17.5,8.0,2,1,2024,13,204.53,2927.84,1963.3,636.22,377.48,1698.5566666666666,1380.8226220023093,1680.9916666666666,1145.3462174804033,1911.6325,1596.685443918261,2927.84,2938.99,False,True,False,False,True,False,False,False,False
2024-03-01,131.08,26.06,1.0,36.41,10.0,4.0,3,1,2024,14,2341.66,204.53,2927.84,1415.07,4841.03,1824.676666666667,1433.3730024781871,1965.2316666666666,1041.0831220496598,2075.3141666666666,1524.146496671965,2927.84,2938.99,False,True,False,False,True,False,False,False,False
2024-04-01,1470.95,359.07,6.0,151.48833333333334,15.0,14.0,4,2,2024,15,131.08,2341.66,204.53,2938.99,616.41,892.4233333333333,1255.6129629122704,1751.2333333333333,1281.0880603559879,1682.8183333333334,1342.84212333958,2341.66,2938.99,False,True,False,False,True,False,False,False,False
2024-05-01,1182.36,435.79,3.0,106.16666666666669,0.0,10.0,5,2,2024,16,1470.95,131.08,2341.66,1963.3,1749.7800000000002,1314.5633333333333,1113.5567234017904,1506.5600000000002,1141.449578334497,1754.0299999999997,1303.222679988483,2341.66,2927.84,False,True,False,False,True,False,False,False,False
2024-06-01,931.61,301.25,3.0,98.10666666666668,3.333333333333333,13.0,6,2,2024,17,1182.36,1470.95,131.08,2927.84,700.38,928.13,705.186198035666,1376.4033333333334,1123.333019592439,1706.745,1313.643128572389,1470.95,2927.84,False,True,False,False,True,False,False,False,False
2024-07-01,302.99,73.96,2.0,47.45,7.5,7.0,7,3,2024,18,931.61,1182.36,1470.95,204.53,4568.56,1194.9733333333334,269.89114663755004,1043.6983333333333,828.9891484311885,1726.0141666666666,1299.1552887546748,1470.95,2341.66,False,True,False,False,True,False,False,False,False
2024-08-01,824.51,277.92,2.0,129.46,5.0,7.0,8,3,2024,19,302.99,931.61,1182.36,2341.66,636.22,805.6533333333333,453.0140291793738,1060.1083333333333,809.807959442649,1370.5500000000002,999.7510047370429,1182.36,2341.66,False,True,False,False,True,False,False,False,False
2024-09-01,1037.32,270.1,2.0,131.935,15.0,8.0,9,3,2024,20,824.51,302.99,931.61,131.08,1415.07,686.37,336.3075538848287,807.25,511.55694420074127,1386.2408333333333,988.593467871108,931.61,1470.95,False,True,False,False,True,False,False,False,False
2024-10-01,3364.4300000000003,819.44,4.0,130.64,11.25,23.0,10,4,2024,21,1037.32,824.51,302.99,1470.95,2938.99,721.6066666666666,377.82530253191135,958.29,391.73980706586406,1354.7616666666665,993.5936092499909,1037.32,1470.95,False,True,False,False,True,False,False,False,False
2024-11-01,4632.52,1396.93,6.0,147.16166666666666,8.333333333333334,31.0,11,4,2024,22,3364.4300000000003,1037.32,824.51,1182.36,1963.3,1742.0866666666668,1409.0139965356389,1273.8700000000001,1067.3748533481573,1390.2150000000001,1060.5922443058962,3364.4300000000003,3364.4300000000003,False,True,False,False,True,False,False,False,False
2024-12-01,1667.44,653.71,1.0,416.86,0.0,4.0,12,4,2024,23,4632.52,3364.4300000000003,1037.32,931.61,2927.84,3011.4233333333336,1823.4105516951845,1848.8966666666668,1731.1653373339789,1612.6500000000003,1413.0496465768317,4632.52,4632.52,False,True,False,False,True,False,False,False,False
2025-01-01,818.61,270.88,3.0,135.5666666666667,5.0,6.0,1,1,2025,24,1667.44,4632.52,3364.4300000000003,302.99,204.53,3221.4633333333336,1487.7010628595174,1971.535,1678.4479648860138,1507.6166666666668,1351.924403994229,4632.52,4632.52,False,True,False,False,True,False,False,False,False
2025-02-01,0.0,0.0,0.0,55.31999999999999,0.0,0.0,2,1,2025,25,818.61,1667.44,4632.52,824.51,2341.66,2372.856666666667,2002.4202548998885,2057.471666666667,1586.6203596754544,1558.79,1309.0581742958977,4632.52,4632.52,False,True,False,False,True,False,False,False,False
2025-03-01,1310.21,410.1,4.0,122.705,7.5,15.0,3,1,2025,26,0.0,818.61,1667.44,1037.32,131.08,828.6833333333334,833.7656399932349,1920.0533333333333,1742.7858862369376,1363.6516666666666,1355.4589809080326,1667.44,4632.52,False,True,False,False,True,False,False,False,False
2025-04-01,884.1600000000001,313.65,2.0,194.045,5.0,6.0,4,2,2025,27,1310.21,0.0,818.61,3364.4300000000003,1470.95,709.6066666666667,661.8714799969313,1965.535,1718.533822055883,1461.9125000000001,1299.570570332754,1310.21,4632.52,False,True,False,False,True,False,False,False,False
2025-05-01,4707.99,1557.74,6.0,172.32000000000002,6.666666666666667,29.0,5,2,2025,28,884.1600000000001,1310.21,0.0,4632.52,1182.36,731.4566666666666,668.3197528379123,1552.1566666666668,1609.5941897592286,1413.0133333333333,1310.1957894239479,1310.21,4632.52,False,True,False,False,True,False,False,False,False
2025-06-01,1246.55,268.31,5.0,118.668,15.0,11.0,6,2,2025,29,4707.99,884.1600000000001,1310.21,1667.44,931.61,2300.7866666666664,2095.554954333895,1564.735,1638.5154106171842,1706.8158333333333,1613.8765988223868,4707.99,4707.99,False,True,False,False,True,False,False,False,False
2025-07-01,1698.42,547.61,5.0,187.726,7.0,11.0,7,3,2025,30,1246.55,4707.99,884.1600000000001,818.61,302.99,2279.5666666666666,2110.867485758718,1494.5866666666664,1642.2443423153165,1733.0608333333332,1602.645806485231,4707.99,4707.99,False,True,False,False,True,False,False,False,False
2025-08-01,404.57,109.6,2.0,50.305,12.5,7.0,8,3,2025,31,1698.42,1246.55,4707.99,0.0,824.51,2550.9866666666667,1881.6333753506108,1641.2216666666666,1608.7526244816718,1849.3466666666666,1538.8023102419818,4707.99,4707.99,False,True,False,False,True,False,False,False,False
2025-09-01,2358.39,680.52,8.0,137.68,8.125,25.0,9,3,2025,32,404.57,1698.42,1246.55,1310.21,1037.32,1116.5133333333333,656.6537189671049,1708.6499999999999,1532.8955827844245,1814.3516666666665,1568.712027369954,1698.42,4707.99,False,True,False,False,True,False,False,False,False
2025-10-01,1496.77,450.7,4.0,109.2825,10.0,17.0,10,4,2025,33,2358.39,404.57,1698.42,884.1600000000001,3364.4300000000003,1487.1266666666663,993.8997950665503,1883.3466666666664,1538.1247296973895,1924.440833333333,1555.523754959948,2358.39,4707.99,False,True,False,False,True,False,False,False,False
2025-11-01,1354.51,435.14,6.0,132.855,6.666666666666667,11.0,11,4,2025,34,1496.77,2358.39,404.57,4707.99,4632.52,1419.9099999999999,979.175031748664,1985.448333333333,1477.6777350209577,1768.8024999999998,1490.4193957231391,2358.39,4707.99,False,True,False,False,True,False,False,False,False
2025-12-01,3098.87,868.61,5.0,120.788,9.0,25.0,12,4,2025,35,1354.51,1496.77,2358.39,1246.55,1667.44,1736.5566666666666,543.2006974713225,1426.5349999999999,637.0561688815205,1495.6350000000002,1187.440497483405,2358.39,2358.39,False,True,False,False,True,False,False,False,False
2024-01-01,154.2,47.74,1.0,81.16,5.0,2.0,1,1,2024,12,2338.93,1723.16,4541.85,827.61,1058.14,2867.98,1481.9493094907125,1927.2216666666666,1401.858031063298,1807.1433333333334,1286.039754626111,4541.85,4541.85,False,True,False,False,False,True,False,False,False
2024-02-01,656.78,242.71,2.0,179.49,0.0,3.0,2,1,2024,13,154.2,2338.93,1723.16,858.92,1815.65,1405.43,1126.4881525786234,1814.9866666666667,1528.7190414156116,1731.8150000000003,1358.3413726607234,2338.93,4541.85,False,True,False,False,False,True,False,False,False
2024-03-01,1744.91,552.5,3.0,129.54999999999998,6.666666666666667,12.0,3,1,2024,14,656.78,154.2,2338.93,1272.86,969.68,1049.97,1144.2071819823543,1781.2966666666664,1555.9870599033486,1635.2425,1392.602570154986,2338.93,4541.85,False,True,False,False,False,True,False,False,False
2024-04-01,0.0,0.0,0.0,55.31999999999999,0.0,0.0,4,2,2024,15,1744.91,656.78,154.2,4541.85,1552.42,851.9633333333335,813.1186729090251,1859.9716666666666,1536.9551889813401,1699.845,1376.8122875125187,1744.91,4541.85,False,True,False,False,False,True,False,False,False
2024-05-01,515.8199999999999,137.93,3.0,119.55666666666669,8.333333333333334,10.0,5,2,2024,16,0.0,1744.91,656.78,1723.16,583.57,800.5633333333335,881.2961830357228,1102.9966666666667,963.3392514512561,1570.4766666666667,1462.209962875829,1744.91,2338.93,False,True,False,False,False,True,False,False,False
2024-06-01,1072.0,339.74,4.0,98.045,3.75,13.0,6,2,2024,17,515.8199999999999,0.0,1744.91,2338.93,4142.93,753.5766666666667,896.4228362962058,901.7733333333334,933.5246612204021,1564.8308333333334,1466.4915194092473,1744.91,2338.93,False,True,False,False,False,True,False,False,False
2024-07-01,7692.67,2768.73,4.0,280.635,7.5,26.0,7,3,2024,18,1072.0,515.8199999999999,0.0,154.2,827.61,529.2733333333333,536.1266120361254,690.6183333333333,640.8401820865064,1308.92,1223.5185403060827,1072.0,1744.91,False,True,False,False,False,True,False,False,False
2024-08-01,225.15,77.66,1.0,75.05,0.0,3.0,8,3,2024,19,7692.67,1072.0,515.8199999999999,656.78,858.92,3093.4966666666664,3992.697153633535,1947.03,2874.819714430803,1881.0083333333334,2196.28110918034,7692.67,7692.67,False,True,False,False,False,True,False,False,False
2024-09-01,650.53,202.11,3.0,58.94,3.333333333333333,12.0,9,3,2024,20,225.15,7692.67,1072.0,1744.91,1272.86,2996.6066666666666,4088.8931086093867,1875.0916666666665,2918.6303939170966,1828.1941666666664,2230.448141690806,7692.67,7692.67,False,True,False,False,False,True,False,False,False
2024-10-01,2972.33,940.11,3.0,226.19333333333336,10.0,17.0,10,4,2024,21,650.53,225.15,7692.67,0.0,4541.85,2856.116666666667,4193.974623878086,1692.695,2962.262973692579,1776.3333333333337,2251.6682772974973,7692.67,7692.67,False,True,False,False,False,True,False,False,False
2024-11-01,1699.85,640.5500000000001,2.0,157.59,7.5,9.0,11,4,2024,22,2972.33,650.53,225.15,515.8199999999999,1723.16,1282.6699999999998,1478.6650137201477,2188.0833333333335,2869.6620495080374,1645.54,2118.0426895302953,2972.33,7692.67,False,True,False,False,False,True,False,False,False
2024-12-01,3205.3900000000003,979.83,4.0,183.525,10.0,18.0,12,4,2024,23,1699.85,2972.33,650.53,1072.0,2338.93,1774.2366666666665,1162.6860462452178,2385.4216666666666,2770.6697391382954,1643.5974999999999,2117.975719094768,2972.33,7692.67,False,True,False,False,False,True,False,False,False
2025-01-01,2146.35,742.9,4.0,149.39999999999998,5.0,15.0,1,1,2025,24,3205.3900000000003,1699.85,2972.33,7692.67,154.2,2625.8566666666666,810.3675097962247,2740.986666666666,2704.5061210776857,1715.8025,2158.2227199212066,3205.3900000000003,7692.67,False,True,False,False,False,True,False,False,False
2025-02-01,455.94,69.93,4.0,38.955,15.0,14.0,2,1,2025,25,2146.35,3205.3900000000003,1699.85,225.15,656.78,2350.53,773.2591914746322,1816.6000000000001,1206.5858833419204,1881.8149999999998,2103.097831479251,3205.3900000000003,3205.3900000000003,False,True,False,False,False,True,False,False,False
2025-03-01,1467.71,473.54,5.0,109.024,9.0,13.0,3,1,2025,26,455.94,2146.35,3205.3900000000003,650.53,1744.91,1935.8933333333332,1386.7544238376656,1855.0649999999998,1147.9592906675753,1865.0783333333331,2114.5012897686615,3205.3900000000003,3205.3900000000003,False,True,False,False,False,True,False,False,False
2025-04-01,3337.31,1247.99,5.0,152.004,3.0,18.0,4,2,2025,27,1467.71,455.94,2146.35,2972.33,0.0,1356.6666666666667,850.6582500824508,1991.2616666666665,1017.5357293857888,1841.9783333333335,2117.445514867699,2146.35,3205.3900000000003,False,True,False,False,False,True,False,False,False
2025-05-01,4824.52,1634.81,8.0,153.4725,8.75,28.0,5,2,2025,28,3337.31,1467.71,455.94,1699.85,515.8199999999999,1753.6533333333334,1461.8125603624208,2052.0916666666667,1095.814227913048,2120.0875,2072.204068193728,3337.31,3337.31,False,True,False,False,False,True,False,False,False
2025-06-01,2670.72,906.96,5.0,158.004,9.0,13.0,6,2,2025,29,4824.52,3337.31,1467.71,3205.3900000000003,1072.0,3209.846666666667,1682.0310698775252,2572.8700000000003,1545.2552117627702,2479.1458333333335,2141.1027956574085,4824.52,4824.52,False,True,False,False,False,True,False,False,False
2025-07-01,4425.33,1433.18,10.0,155.946,8.0,24.0,7,3,2025,30,2670.72,4824.52,3337.31,2146.35,7692.67,3610.85,1102.6475904385761,2483.758333333333,1516.6354924426205,2612.3725,2094.824404136516,4824.52,4824.52,False,True,False,False,False,True,False,False,False
2025-08-01,378.73,101.45,1.0,222.78,15.0,2.0,8,3,2025,31,4425.33,2670.72,4824.52,455.94,225.15,3973.523333333333,1145.7794543599261,2863.588333333333,1690.6298982736198,2340.0941666666663,1503.2978427592773,4824.52,4824.52,False,True,False,False,False,True,False,False,False
2025-09-01,3618.11,1292.29,7.0,142.3242857142857,7.142857142857143,25.0,9,3,2025,32,378.73,4425.33,2670.72,1467.71,650.53,2491.593333333333,2029.2381974606465,2850.72,1712.7699285309757,2352.8925000000004,1484.187670154498,4425.33,4824.52,False,True,False,False,False,True,False,False,False
2025-10-01,2901.77,985.89,4.0,235.9725,5.0,12.0,10,4,2025,33,3618.11,378.73,4425.33,3337.31,2972.33,2807.39,2141.656620189147,3209.1200000000003,1585.772463652968,2600.1908333333336,1420.6209620345498,4425.33,4824.52,False,True,False,False,False,True,False,False,False
2025-11-01,6022.43,1709.73,9.0,170.2733333333333,9.444444444444445,38.0,11,4,2025,34,2901.77,3618.11,378.73,4824.52,1699.85,2299.536666666667,1701.590267054127,3136.53,1588.6967634007453,2594.3108333333334,1419.0858336872966,3618.11,4824.52,False,True,False,False,False,True,False,False,False
2025-12-01,2753.13,902.42,6.0,158.3733333333333,8.333333333333334,22.0,12,4,2025,35,6022.43,2901.77,3618.11,2670.72,3205.3900000000003,4180.77,1634.6465720760548,3336.181666666667,1889.9593049631178,2954.525833333333,1693.4830519830389,6022.43,6022.43,False,True,False,False,False,True,False,False,False
2024-01-01,218.42,50.29,1.0,34.67,10.0,7.0,1,1,2024,12,539.72,0.0,730.87,2833.06,1394.52,423.53000000000003,379.0353892448567,851.4966666666666,1035.8294675604989,972.055,961.4606722208001,730.87,2833.06,False,True,False,False,False,False,True,False,False
2024-02-01,0.0,0.0,0.0,55.31999999999999,0.0,0.0,2,1,2024,13,218.42,539.72,0.0,79.61,0.0,252.71333333333334,271.4893075856455,415.72333333333336,374.03632522345475,874.0466666666666,974.3386709440254,539.72,925.72,False,True,False,False,False,False,True,False,False
2024-03-01,1269.08,355.3,2.0,130.27499999999998,12.5,11.0,3,1,2024,14,0.0,218.42,539.72,925.72,486.21,252.71333333333334,271.4893075856455,402.455,389.43890097164063,874.0466666666666,974.3386709440254,539.72,925.72,False,True,False,False,False,False,True,False,False
2024-04-01,1531.16,540.71,1.0,107.45,5.0,15.0,4,2,2024,15,1269.08,0.0,218.42,730.87,2721.92,495.8333333333333,678.4980690711901,459.6816666666667,493.13214660643047,939.2858333333334,972.2165195942567,1269.08,1269.08,False,True,False,False,False,False,True,False,False
2024-05-01,67.18,14.78,1.0,67.18,0.0,1.0,5,2,2024,16,1531.16,1269.08,0.0,0.0,592.4100000000001,933.4133333333333,818.9119731285738,593.0633333333334,660.8593288640678,840.0558333333333,823.055610232751,1531.16,1531.16,False,True,False,False,False,False,True,False,False
2024-06-01,0.0,0.0,0.0,55.31999999999999,0.0,0.0,6,2,2024,17,67.18,1531.16,1269.08,539.72,1360.62,955.8066666666667,780.6500471615524,604.26,649.2691635369722,796.2866666666667,850.9163845507793,1531.16,1531.16,False,True,False,False,False,False,True,False,False
2024-07-01,0.0,0.0,0.0,55.31999999999999,0.0,0.0,7,3,2024,18,0.0,67.18,1531.16,218.42,2833.06,532.7800000000001,865.2746710727179,514.3066666666667,695.7251406314609,682.9016666666666,859.4909737834083,1531.16,1531.16,False,True,False,False,False,False,True,False,False
2024-08-01,0.0,0.0,0.0,55.31999999999999,0.0,0.0,8,3,2024,19,0.0,0.0,67.18,0.0,79.61,22.393333333333334,38.78639108415449,477.90333333333336,719.6080277947614,446.81333333333333,547.7469130626816,67.18,1531.16,False,True,False,False,False,False,True,False,False
2024-09-01,124.22,22.56,1.0,73.07,15.0,2.0,9,3,2024,20,0.0,0.0,0.0,1269.08,925.72,0.0,0.0,477.90333333333336,719.6080277947613,440.17916666666673,553.0550859701267,0.0,1531.16,False,True,False,False,False,False,True,False,False
2024-10-01,179.65,23.91,1.0,239.53,25.0,1.0,10,4,2024,21,124.22,0.0,0.0,1531.16,730.87,41.406666666666666,71.71845043873532,287.09333333333336,611.5323726726702,373.38750000000005,537.2586970085861,124.22,1531.16,False,True,False,False,False,False,True,False,False
2024-11-01,1137.58,401.23,1.0,239.49,5.0,5.0,11,4,2024,22,179.65,124.22,0.0,67.18,0.0,101.29,91.99385468606042,61.84166666666667,76.51344049685214,327.45250000000004,527.389469076869,179.65,179.65,False,True,False,False,False,False,True,False,False
2024-12-01,321.71,104.98,1.0,84.66,5.0,4.0,12,4,2024,23,1137.58,179.65,124.22,0.0,539.72,480.4833333333333,569.7369070310729,240.24166666666665,446.2054766323085,422.25083333333333,564.1386766560527,1137.58,1137.58,False,True,False,False,False,False,True,False,False
2025-01-01,1117.68,325.33,3.0,188.22000000000003,11.666666666666666,8.0,1,1,2025,24,321.71,1137.58,179.65,0.0,218.42,546.3133333333333,516.954992463883,293.85999999999996,430.6200445404266,404.0833333333333,563.5218531591112,1137.58,1137.58,False,True,False,False,False,False,True,False,False
2025-02-01,0.0,0.0,0.0,55.31999999999999,0.0,0.0,2,1,2025,25,1117.68,321.71,1137.58,0.0,0.0,858.9900000000001,465.4045028789472,480.14000000000004,512.1117800246341,479.0216666666667,595.4742916797627,1137.58,1137.58,False,True,False,False,False,False,True,False,False
2025-03-01,418.59,154.97,1.0,418.59,0.0,1.0,3,1,2025,26,0.0,1117.68,321.71,124.22,1269.08,479.7966666666667,575.3657021697882,480.14000000000004,512.1117800246341,479.0216666666667,595.4742916797627,1117.68,1137.58,False,True,False,False,False,False,True,False,False
2025-04-01,0.0,0.0,0.0,55.31999999999999,0.0,0.0,4,2,2025,27,418.59,0.0,1117.68,179.65,1531.16,512.09,564.6758655193261,529.2016666666667,484.55328901645686,408.14750000000004,541.0148711470625,1117.68,1137.58,False,True,False,False,False,False,True,False,False
2025-05-01,460.13,103.55,4.0,84.55749999999999,5.0,6.0,5,2,2025,28,0.0,418.59,0.0,1137.58,67.18,139.53,241.67304918008577,499.26,515.0628049859544,280.55083333333334,418.8430377829412,418.59,1137.58,False,True,False,False,False,False,True,False,False
2025-06-01,0.0,0.0,0.0,55.31999999999999,0.0,0.0,6,2,2025,29,460.13,0.0,418.59,321.71,0.0,292.9066666666667,254.51351522725355,386.3516666666667,410.8618866439984,313.2966666666667,415.99590062082734,460.13,1117.68,False,True,False,False,False,False,True,False,False
2025-07-01,432.8,142.03,1.0,75.93,5.0,6.0,7,3,2025,30,0.0,460.13,0.0,1117.68,0.0,153.37666666666667,265.6561793622228,332.73333333333335,440.8802469454327,313.2966666666667,415.99590062082734,460.13,1117.68,False,True,False,False,False,False,True,False,False
2025-08-01,377.92,138.06,1.0,377.92,0.0,1.0,8,3,2025,31,432.8,0.0,460.13,0.0,0.0,297.6433333333334,258.1286455109805,218.58666666666667,239.8217087476977,349.3633333333333,404.97980585643415,460.13,460.13,False,True,False,False,False,False,True,False,False
2025-09-01,718.45,201.22,2.0,215.795,12.5,4.0,9,3,2025,32,377.92,432.8,0.0,418.59,124.22,270.24,235.63785094929065,281.5733333333333,219.71587067543763,380.8566666666666,389.74978671248067,432.8,460.13,False,True,False,False,False,False,True,False,False
2025-10-01,515.39,140.42,2.0,89.29499999999999,10.0,6.0,10,4,2025,33,718.45,377.92,432.8,0.0,179.65,509.72333333333336,182.83344779698635,331.55,282.30372679084314,430.37583333333333,391.92241396986935,718.45,718.45,False,True,False,False,False,False,True,False,False
2025-11-01,0.0,0.0,0.0,55.31999999999999,0.0,0.0,11,4,2025,34,515.39,718.45,377.92,460.13,1137.58,537.2533333333334,171.3145476406873,417.4483333333333,235.82941796278467,458.3541666666667,384.30639808404607,718.45,718.45,False,True,False,False,False,False,True,False,False
2025-12-01,920.72,238.88,4.0,95.025,6.25,9.0,12,4,2025,35,0.0,515.39,718.45,0.0,321.71,411.28000000000003,370.36707426551845,340.76,288.1778462685829,363.55583333333334,339.18426275292074,718.45,718.45,False,True,False,False,False,False,True,False,False
2024-01-01,1970.39,694.35,4.0,168.865,7.5,11.0,1,1,2024,12,3502.22,961.94,622.38,0.0,2277.65,1695.513333333333,1573.8382963104357,1465.22,1385.4388465753368,2072.1749999999997,1685.996033191171,3502.22,3502.22,False,True,False,False,False,False,False,True,False
2024-02-01,3815.16,1405.39,5.0,204.846,8.0,15.0,2,1,2024,13,1970.39,3502.22,961.94,843.06,5300.34,2144.85,1279.094538452886,1793.6183333333336,1188.1463105597165,2046.57,1684.9246457820113,3502.22,3502.22,False,True,False,False,False,False,False,True,False
2024-03-01,555.27,212.74,1.0,185.09,0.0,3.0,3,1,2024,14,3815.16,1970.39,3502.22,2861.7200000000003,437.45,3095.9233333333336,987.2192381803217,2288.9683333333337,1324.3336518025458,1922.8049999999996,1464.2950446018228,3815.16,3815.16,False,True,False,False,False,False,False,True,False
2024-04-01,945.56,331.51,2.0,129.765,7.5,6.0,4,2,2024,15,555.27,3815.16,1970.39,622.38,2141.19,2113.6066666666666,1634.6571393516545,1904.5599999999997,1453.2959055471117,1932.6233333333332,1453.7873878024025,3815.16,3815.16,False,True,False,False,False,False,False,True,False
2024-05-01,3867.33,1458.8,4.0,157.1475,5.0,21.0,5,2,2024,16,945.56,555.27,3815.16,961.94,1418.41,1771.9966666666662,1780.1597894664776,1958.4233333333334,1401.3302851885655,1832.9875,1478.9474708363316,3815.16,3815.16,False,True,False,False,False,False,False,True,False
2024-06-01,868.97,319.86,2.0,222.555,2.5,4.0,6,2,2024,17,3867.33,945.56,555.27,3502.22,4499.74,1789.3866666666663,1810.1016389786885,2442.655,1487.4606971177423,2037.0641666666663,1581.9162519405975,3867.33,3867.33,False,True,False,False,False,False,False,True,False
2024-07-01,2081.32,664.1899999999999,6.0,140.355,10.0,15.0,7,3,2024,18,868.97,3867.33,945.56,1970.39,0.0,1893.9533333333331,1709.4233262809228,2003.78,1500.7221943850898,1734.5,1405.4497867036926,3867.33,3867.33,False,True,False,False,False,False,False,True,False
2024-08-01,2925.17,826.78,5.0,212.18,10.0,14.0,8,3,2024,19,2081.32,868.97,3867.33,3815.16,843.06,2272.5399999999995,1508.298540972576,2022.2683333333332,1500.9118676513508,1907.9433333333334,1296.1124711391462,3867.33,3867.33,False,True,False,False,False,False,False,True,False
2024-09-01,818.03,240.33,4.0,176.38500000000002,7.5,8.0,9,3,2024,20,2925.17,2081.32,868.97,555.27,2861.7200000000003,1958.4866666666665,1033.588714544298,1873.9366666666667,1321.5475294920975,2081.4525,1279.8611900239594,2925.17,3867.33,False,True,False,False,False,False,False,True,False
2024-10-01,2720.68,860.79,7.0,199.26714285714283,10.0,21.0,10,4,2024,21,818.03,2925.17,2081.32,945.56,622.38,1941.5066666666662,1060.5048661054482,1917.7300000000002,1272.555644221501,1911.1449999999998,1302.3703784847635,2925.17,3867.33,False,True,False,False,False,False,False,True,False
2024-11-01,911.36,298.74,3.0,82.06333333333333,5.0,11.0,11,4,2024,22,2720.68,818.03,2925.17,3867.33,961.94,2154.6266666666666,1162.0335739699324,2213.5833333333335,1205.9376735746614,2086.0033333333336,1253.5542589143977,2925.17,3867.33,False,True,False,False,False,False,False,True,False
2024-12-01,3575.3700000000003,1326.11,4.0,164.055,5.0,18.0,12,4,2024,23,911.36,2720.68,818.03,868.97,3502.22,1483.3566666666663,1072.5690633396687,1720.9216666666669,977.347719932198,2081.7883333333334,1257.7554491657195,2720.68,2925.17,False,True,False,False,False,False,False,True,False
2025-01-01,3246.02,1107.1699999999998,6.0,133.32833333333335,8.333333333333334,24.0,1,1,2025,24,3575.3700000000003,911.36,2720.68,2081.32,1970.39,2402.47,1360.2134108661041,2171.9883333333332,1119.6814708017039,2087.8841666666667,1265.419464557528,3575.3700000000003,3575.3700000000003,False,True,False,False,False,False,False,True,False
2025-02-01,915.54,319.77,4.0,161.3075,2.5,6.0,2,1,2025,25,3246.02,3575.3700000000003,911.36,2925.17,3815.16,2577.5833333333335,1452.3577393443165,2366.105,1198.9719407016999,2194.1866666666665,1307.5313903851122,3575.3700000000003,3575.3700000000003,False,True,False,False,False,False,False,True,False
2025-03-01,0.0,0.0,0.0,55.31999999999999,0.0,0.0,3,1,2025,26,915.54,3246.02,3575.3700000000003,818.03,555.27,2578.976666666667,1449.96000414954,2031.1666666666667,1288.8872406175285,1952.551666666667,1247.2790304340913,3575.3700000000003,3575.3700000000003,False,True,False,False,False,False,False,True,False
2025-04-01,3814.24,1272.92,4.0,124.0575,10.0,36.0,4,2,2025,27,0.0,915.54,3246.02,2720.68,945.56,1387.1866666666665,1673.6186524215527,1894.8283333333331,1472.9942433073752,1906.279166666667,1312.4274179512372,3246.02,3575.3700000000003,False,True,False,False,False,False,False,True,False
2025-05-01,1637.48,448.86,3.0,155.23999999999998,13.333333333333334,12.0,5,2,2025,28,3814.24,0.0,915.54,911.36,3867.33,1576.593333333333,1991.1931916650715,2077.0883333333336,1652.3533598648526,2145.335833333333,1380.9969767293505,3814.24,3814.24,False,True,False,False,False,False,False,True,False
2025-06-01,7334.84,1897.51,10.0,169.63299999999998,9.5,44.0,6,2,2025,29,1637.48,3814.24,0.0,3575.3700000000003,868.97,1817.2399999999998,1913.4633358389704,2198.1083333333336,1574.6628862384061,1959.515,1274.1121757129551,3814.24,3814.24,False,True,False,False,False,False,False,True,False
2025-07-01,1632.53,444.98,5.0,112.554,10.0,17.0,7,3,2025,30,7334.84,1637.48,3814.24,3246.02,2081.32,4262.1866666666665,2874.9730267488303,2824.6866666666665,2627.979303439559,2498.3375,1955.8270610438349,7334.84,7334.84,False,True,False,False,False,False,False,True,False
2025-08-01,1722.89,580.26,5.0,94.306,5.0,22.0,8,3,2025,31,1632.53,7334.84,1637.48,915.54,2925.17,3534.9500000000003,3290.8022023056933,2555.7716666666665,2658.6161879174415,2460.9383333333335,1968.7741705198341,7334.84,7334.84,False,True,False,False,False,False,False,True,False
2025-09-01,1263.49,423.89,2.0,224.26,7.5,8.0,9,3,2025,32,1722.89,1632.53,7334.84,0.0,818.03,3563.42,3266.457996775712,2690.33,2578.2124215510253,2360.7483333333334,1973.5878023254702,7334.84,7334.84,False,True,False,False,False,False,False,True,False
2025-10-01,1540.2800000000002,485.73,4.0,111.6375,7.5,24.0,10,4,2025,33,1263.49,1722.89,1632.53,3814.24,2720.68,1539.6366666666665,243.38029610742436,2900.911666666667,2356.6003267369433,2397.8700000000003,1945.928073154532,1722.89,7334.84,False,True,False,False,False,False,False,True,False
2025-11-01,471.83,74.16,2.0,179.805,15.0,3.0,11,4,2025,34,1540.2800000000002,1263.49,1722.89,1637.48,911.36,1508.886666666667,231.30336364466828,2521.9183333333335,2363.18258742245,2299.5033333333336,1957.9242028105982,1722.89,7334.84,False,True,False,False,False,False,False,True,False
2025-12-01,0.0,0.0,0.0,55.31999999999999,0.0,0.0,12,4,2025,35,471.83,1540.2800000000002,1263.49,7334.84,3575.3700000000003,1091.8666666666668,554.5153532891032,2327.643333333333,2494.6877184422633,2262.875833333333,1990.1002267563329,1540.2800000000002,7334.84,False,True,False,False,False,False,False,True,False
2024-01-01,222.26,63.57,1.0,246.96,10.0,1.0,1,1,2024,12,1093.52,0.0,2007.12,16.91,0.0,1033.5466666666666,1004.9031167895407,797.3283333333333,755.4897984067466,704.3475,778.6553126690443,2007.12,2007.12,False,True,False,False,False,False,False,False,True
2024-02-01,1300.1,415.78,1.0,180.57,10.0,8.0,2,1,2024,13,222.26,1093.52,0.0,667.17,2085.91,438.5933333333333,577.9676296587321,831.5533333333333,716.7212689370022,722.8691666666667,762.8613234331332,1093.52,2007.12,False,True,False,False,False,False,False,False,True
2024-03-01,382.35,106.72,3.0,94.99,6.666666666666667,4.0,3,1,2024,14,1300.1,222.26,1093.52,999.25,1210.4,871.96,572.0589057081447,937.0416666666666,734.0564357708926,657.385,662.3229365649357,1300.1,2007.12,False,True,False,False,False,False,False,False,True
2024-04-01,2813.8,879.8100000000001,2.0,243.38,15.0,10.0,4,2,2024,15,382.35,1300.1,222.26,2007.12,0.0,634.9033333333333,581.6116883568737,834.2249999999999,766.1043820720514,588.3808333333333,642.3018375762192,1300.1,2007.12,False,True,False,False,False,False,False,False,True
2024-05-01,0.0,0.0,0.0,55.31999999999999,0.0,0.0,5,2,2024,16,2813.8,382.35,1300.1,0.0,371.89,1498.75,1227.8369771675718,968.6716666666667,1036.2585279440004,822.8641666666667,878.2512280400114,2813.8,2813.8,False,True,False,False,False,False,False,False,True
2024-06-01,2398.15,658.2,4.0,123.0475,12.5,17.0,6,2,2024,17,0.0,2813.8,382.35,1093.52,0.0,1065.3833333333334,1526.1941261953975,968.6716666666667,1036.2585279440004,791.8733333333333,901.8556612929037,2813.8,2813.8,False,True,False,False,False,False,False,False,True
2024-07-01,50.0,3.42,1.0,58.82,15.0,1.0,7,3,2024,18,2398.15,0.0,2813.8,222.26,16.91,1737.3166666666668,1518.8459865415366,1186.11,1192.753395300135,991.7191666666666,973.3065031816062,2813.8,2813.8,False,True,False,False,False,False,False,False,True
2024-08-01,0.0,0.0,0.0,55.31999999999999,0.0,0.0,8,3,2024,19,50.0,2398.15,0.0,1300.1,667.17,816.0500000000001,1370.3668514306669,1157.4,1222.3008496274558,994.4766666666666,970.3360182884478,2398.15,2813.8,False,True,False,False,False,False,False,False,True
2024-09-01,155.86,27.4,1.0,64.94,20.0,3.0,9,3,2024,20,0.0,50.0,2398.15,382.35,999.25,816.0500000000001,1370.3668514306669,940.7166666666667,1304.4231141261898,938.8791666666666,1009.1325291237054,2398.15,2813.8,False,True,False,False,False,False,False,False,True
2024-10-01,0.0,0.0,0.0,55.31999999999999,0.0,0.0,10,4,2024,21,155.86,0.0,50.0,2813.8,2007.12,68.62,79.58085950779441,902.9683333333334,1326.8967809203045,868.5966666666667,1033.6181770349096,155.86,2813.8,False,True,False,False,False,False,False,False,True
2024-11-01,609.75,213.67,2.0,164.70999999999998,10.0,3.0,11,4,2024,22,0.0,155.86,0.0,0.0,0.0,51.95333333333334,89.98581295589123,434.0016666666667,964.1339203744814,701.3366666666667,994.2811835906502,155.86,2398.15,False,True,False,False,False,False,False,False,True
2024-12-01,1038.67,352.14,2.0,388.06,7.5,3.0,12,4,2024,23,609.75,0.0,155.86,2398.15,1093.52,255.20333333333335,316.7816109456682,535.6266666666667,941.0988543541357,752.1491666666667,970.4768213283644,609.75,2398.15,False,True,False,False,False,False,False,False,True
2025-01-01,0.0,0.0,0.0,55.31999999999999,0.0,0.0,1,1,2025,24,1038.67,609.75,0.0,50.0,222.26,549.4733333333334,521.9519131427078,309.0466666666667,425.291363169612,747.5783333333334,968.8506452102112,1038.67,1038.67,False,True,False,False,False,False,False,False,True
2025-02-01,0.0,0.0,0.0,55.31999999999999,0.0,0.0,2,1,2025,25,0.0,1038.67,609.75,0.0,1300.1,549.4733333333334,521.9519131427078,300.71333333333337,431.8221203072705,729.0566666666667,981.8435668525292,1038.67,1038.67,False,True,False,False,False,False,False,False,True
2025-03-01,0.0,0.0,0.0,55.31999999999999,0.0,0.0,3,1,2025,26,0.0,0.0,1038.67,155.86,382.35,346.22333333333336,599.6764040991881,300.71333333333337,431.8221203072705,620.715,984.8286801312657,1038.67,1038.67,False,True,False,False,False,False,False,False,True
2025-04-01,505.47,166.11,2.0,179.55,5.0,3.0,4,2,2025,27,0.0,0.0,0.0,0.0,2813.8,0.0,0.0,274.7366666666667,446.70997645750737,588.8525000000001,999.3201976809944,0.0,1038.67,False,True,False,False,False,False,False,False,True
2025-05-01,0.0,0.0,0.0,55.31999999999999,0.0,0.0,5,2,2025,28,505.47,0.0,0.0,609.75,0.0,168.49,291.83324056728014,358.98166666666674,431.9544722035723,396.4916666666666,713.3517819909731,505.47,1038.67,False,True,False,False,False,False,False,False,True
2025-06-01,0.0,0.0,0.0,55.31999999999999,0.0,0.0,6,2,2025,29,0.0,505.47,0.0,1038.67,2398.15,168.49,291.83324056728014,257.3566666666667,432.88348698774223,396.4916666666666,713.3517819909731,505.47,1038.67,False,True,False,False,False,False,False,False,True
2025-07-01,970.84,352.07,2.0,120.525,5.0,8.0,7,3,2025,30,0.0,0.0,505.47,0.0,50.0,168.49,291.83324056728014,84.245,206.35726338076927,196.64583333333334,339.6371977020167,505.47,505.47,False,True,False,False,False,False,False,False,True
2025-08-01,0.0,0.0,0.0,55.31999999999999,0.0,0.0,8,3,2025,31,970.84,0.0,0.0,0.0,0.0,323.61333333333334,560.5147353400563,246.05166666666665,408.6029100442957,273.3825,401.82505259525794,970.84,970.84,False,True,False,False,False,False,False,False,True
2025-09-01,599.91,171.82,2.0,167.815,12.5,4.0,9,3,2025,32,0.0,970.84,0.0,0.0,155.86,323.61333333333334,560.5147353400563,246.05166666666665,408.6029100442957,273.3825,401.82505259525794,970.84,970.84,False,True,False,False,False,False,False,False,True
2025-10-01,0.0,0.0,0.0,55.31999999999999,0.0,0.0,10,4,2025,33,599.91,0.0,970.84,505.47,0.0,523.5833333333334,489.89988409197787,346.0366666666667,409.7496763960488,310.3866666666667,410.3738951323057,970.84,970.84,False,True,False,False,False,False,False,False,True
2025-11-01,356.1,130.79,1.0,178.05,0.0,2.0,11,4,2025,34,0.0,599.91,0.0,0.0,609.75,199.97,346.35819998954844,261.7916666666667,422.18788549254555,310.3866666666667,410.3738951323057,599.91,970.84,False,True,False,False,False,False,False,False,True
2025-12-01,718.33,238.34,2.0,139.355,10.0,5.0,12,4,2025,35,356.1,0.0,599.91,0.0,1038.67,318.67,301.70143469993644,321.14166666666665,402.6009695177928,289.24916666666667,399.95270726011717,599.91,970.84,False,True,False,False,False,False,False,False,True
2024-01-01,139.65,-0.0099999999999997,5.0,13.466,15.0,13.0,1,1,2024,12,103.0,152.18,26.53,126.7,118.01,93.90333333333335,63.31700113976765,130.54666666666665,89.72756670425574,136.2408333333333,71.16782386576028,152.18,291.65,False,False,True,False,True,False,False,False,False
2024-02-01,13.22,-3.08,1.0,13.92,5.0,1.0,2,1,2024,13,139.65,103.0,152.18,291.65,213.01,131.61,25.556785791644472,132.705,89.77227250103451,138.04416666666665,70.93767154831747,152.18,291.65,False,False,True,False,True,False,False,False,False
2024-03-01,67.69,-12.44,4.0,7.7475,8.75,11.0,3,1,2024,14,13.22,139.65,103.0,83.22,184.77,85.29,65.04897616411812,86.30000000000001,57.25017484689455,121.395,75.06878367083206,139.65,152.18,False,False,True,False,True,False,False,False,False
2024-04-01,180.93,24.65,5.0,13.472,11.0,15.0,4,2,2024,15,67.69,13.22,139.65,26.53,152.01,73.52,63.41630626266409,83.71166666666666,57.76601333540912,111.63833333333334,73.67870727734443,139.65,152.18,False,False,True,False,True,False,False,False,False
2024-05-01,297.65,73.21,6.0,10.883333333333333,5.0,23.0,5,2,2024,16,180.93,67.69,13.22,152.18,127.28,87.28000000000002,85.55400107534426,109.44500000000001,61.47031177731247,114.04833333333333,75.56805323479605,180.93,180.93,False,False,True,False,True,False,False,False,False
2024-06-01,65.67,-3.1,3.0,12.32,11.666666666666666,6.0,6,2,2024,17,297.65,180.93,67.69,103.0,56.53,182.09,114.98438850557055,133.69,98.95546250712994,128.24583333333334,92.40794155741587,297.65,297.65,False,False,True,False,True,False,False,False,False
2024-07-01,58.34,0.79,2.0,13.065,5.0,5.0,7,3,2024,18,65.67,297.65,180.93,139.65,126.7,181.41666666666666,115.99076572440289,127.46833333333332,102.38506461719241,129.00750000000002,91.79875064756898,297.65,297.65,False,False,True,False,True,False,False,False,False
2024-08-01,167.18,5.289999999999999,6.0,10.665,7.5,17.0,8,3,2024,19,58.34,65.67,297.65,13.22,291.65,140.5533333333333,136.09906036903166,113.91666666666667,105.77519060094698,123.31083333333333,94.04847091293195,297.65,297.65,False,False,True,False,True,False,False,False,False
2024-09-01,239.04,38.29,6.0,12.858333333333334,10.0,22.0,9,3,2024,20,167.18,58.34,65.67,67.69,83.22,97.06333333333333,60.83331680365078,139.57666666666668,94.53941520163252,112.93833333333333,79.53937124963888,167.18,297.65,False,False,True,False,True,False,False,False,False
2024-10-01,305.49,58.86,6.0,12.501666666666669,10.0,32.0,10,4,2024,21,239.04,167.18,58.34,180.93,26.53,154.85333333333332,90.97847291163623,168.135,94.36132316791664,125.92333333333333,86.64806332970102,239.04,297.65,False,False,True,False,True,False,False,False,False
2024-11-01,182.0,50.6,3.0,10.4,3.333333333333333,21.0,11,4,2024,22,305.49,239.04,167.18,297.65,152.18,237.23666666666668,69.17263211222563,188.89499999999998,110.12457940895848,149.17,94.61261620658496,305.49,305.49,False,False,True,False,True,False,False,False,False
2024-12-01,266.09000000000003,5.570000000000002,7.0,10.912857142857144,14.285714285714286,33.0,12,4,2024,23,182.0,305.49,239.04,65.67,103.0,242.17666666666665,61.80472500815213,169.62,96.5689931603307,151.655,95.0892713095532,305.49,305.49,False,False,True,False,True,False,False,False,False
2025-01-01,129.09,33.88,2.0,10.24,15.0,13.0,1,1,2025,24,266.09000000000003,182.0,305.49,58.34,139.65,251.1933333333333,63.07834837195172,203.02333333333334,87.67441420771894,165.24583333333337,99.07444211834151,305.49,305.49,False,False,True,False,True,False,False,False,False
2025-02-01,17.740000000000002,-12.54,2.0,9.175,10.0,2.0,2,1,2025,25,129.09,266.09000000000003,182.0,167.18,13.22,192.39333333333332,69.08882712373486,214.81499999999997,66.53213501759886,164.36583333333334,99.36891808337556,266.09000000000003,305.49,False,False,True,False,True,False,False,False,False
2025-03-01,174.1,26.74,3.0,15.486666666666665,18.33333333333333,15.0,3,1,2025,26,17.740000000000002,129.09,266.09000000000003,239.04,67.69,137.64,124.39556865097728,189.90833333333333,104.86184728807075,164.7425,98.75054440586412,266.09000000000003,305.49,False,False,True,False,True,False,False,False,False
2025-04-01,307.46,70.58,5.0,16.381999999999998,11.0,24.0,4,2,2025,27,174.1,17.740000000000002,129.09,305.49,180.93,106.97666666666665,80.49137862736195,179.085,102.09128322241817,173.61,93.90186105232902,174.1,305.49,False,False,True,False,True,False,False,False,False
2025-05-01,563.0,119.28,9.0,14.30888888888889,7.777777777777778,38.0,5,2,2025,28,307.46,174.1,17.740000000000002,182.0,297.65,166.4333333333333,145.01207857738376,179.41333333333333,102.58110969699376,184.1541666666667,101.58795619903456,307.46,307.46,False,False,True,False,True,False,False,False,False
2025-06-01,134.89999999999998,29.08,3.0,11.836666666666666,3.333333333333333,11.0,6,2,2025,29,563.0,307.46,174.1,266.09000000000003,65.67,348.18666666666667,197.6228694593146,242.91333333333333,187.37820595433897,206.26666666666665,147.18465540904316,563.0,563.0,False,False,True,False,True,False,False,False,False
2025-07-01,262.3,68.99,3.0,16.236666666666668,10.0,19.0,7,3,2025,30,134.89999999999998,563.0,307.46,129.09,58.34,335.11999999999995,215.38618618657966,221.04833333333332,191.7363884521315,212.03583333333333,142.45347875125174,563.0,563.0,False,False,True,False,True,False,False,False,False
2025-08-01,69.86,10.45,2.0,18.915,12.5,4.0,8,3,2025,31,262.3,134.89999999999998,563.0,17.740000000000002,167.18,320.06666666666666,219.81843265143462,243.25,186.60230127198326,229.0325,134.38762349162687,563.0,563.0,False,False,True,False,True,False,False,False,False
2025-09-01,119.36,18.11,2.0,11.09,12.5,12.0,9,3,2025,32,69.86,262.3,134.89999999999998,174.1,239.04,155.68666666666667,97.8894914346444,251.93666666666664,174.84774927538152,220.9225,141.22234391361212,262.3,563.0,False,False,True,False,True,False,False,False,False
2025-10-01,131.89,14.81,4.0,15.955,12.5,10.0,10,4,2025,33,119.36,69.86,262.3,307.46,305.49,150.50666666666666,99.92934770793474,242.81333333333336,181.03993577845378,210.94916666666666,144.02472757755132,262.3,563.0,False,False,True,False,True,False,False,False,False
2025-11-01,191.68,24.790000000000003,5.0,10.904,9.0,17.0,11,4,2025,34,131.89,119.36,69.86,563.0,182.0,107.03666666666668,32.79982672718449,213.55166666666665,182.6825745840765,196.4825,142.3744464511547,131.89,563.0,False,False,True,False,True,False,False,False,False
2025-12-01,363.37,105.44,6.0,14.953333333333331,6.666666666666667,25.0,12,4,2025,35,191.68,131.89,119.36,134.89999999999998,266.09000000000003,147.64333333333332,38.648043072493614,151.665,66.70695668369221,197.28916666666666,142.31234077059534,191.68,262.3,False,False,True,False,True,False,False,False,False
2024-01-01,63.99,6.33,3.0,16.903333333333332,5.0,4.0,1,1,2024,12,0.0,45.33,116.82,23.8,222.55,54.04999999999999,58.89615352465727,81.99333333333333,69.56635326554544,80.90666666666667,70.558557413275,116.82,179.89,False,False,True,False,False,True,False,False,False
2024-02-01,22.950000000000003,-3.17,2.0,11.475,0.0,2.0,2,1,2024,13,63.99,0.0,45.33,179.89,56.540000000000006,36.44,32.90826795806792,88.69166666666666,64.60005802370975,67.69333333333333,54.68242518618229,63.99,179.89,False,False,True,False,False,True,False,False,False
2024-03-01,83.49,0.639999999999999,4.0,10.8425,6.25,9.0,3,1,2024,14,22.950000000000003,63.99,0.0,126.12,82.24000000000001,28.98,32.41836979244946,62.535,50.52848889487989,64.89416666666666,56.14541905677261,63.99,126.12,False,False,True,False,False,True,False,False,False
2024-04-01,181.68,19.95,7.0,11.001428571428573,8.571428571428571,18.0,4,2,2024,15,83.49,22.950000000000003,63.99,116.82,0.0,56.81,30.902058183881532,55.43,42.09231426282,64.99833333333333,56.18167427411205,83.49,116.82,False,False,True,False,False,True,False,False,False
2024-05-01,26.97,4.96,1.0,9.99,10.0,3.0,5,2,2024,16,181.68,83.49,22.950000000000003,45.33,24.32,96.04,80.10574323979525,66.24,63.762070857211036,80.13833333333334,61.3183782080104,181.68,181.68,False,False,True,False,False,True,False,False,False
2024-06-01,58.79,-4.640000000000001,3.0,11.046666666666669,6.666666666666667,6.0,6,2,2024,17,26.97,181.68,83.49,0.0,93.27,97.38,78.28470540277968,63.18000000000001,65.38613247470751,80.35916666666667,61.103473113360344,181.68,181.68,False,False,True,False,False,True,False,False,False
2024-07-01,152.07,28.74,4.0,13.6425,2.5,13.0,7,3,2024,18,58.79,26.97,181.68,63.99,23.8,89.14666666666666,81.7003147688755,72.97833333333334,58.014217711408186,77.48583333333333,61.25167566662724,181.68,181.68,False,False,True,False,False,True,False,False,False
2024-08-01,173.28,54.64,2.0,14.15,12.5,14.0,8,3,2024,19,152.07,58.79,26.97,22.950000000000003,179.89,79.27666666666666,65.01753712140544,87.65833333333335,65.8937546104839,88.175,62.215881705265865,152.07,181.68,False,False,True,False,False,True,False,False,False
2024-09-01,193.73,46.93,5.0,14.64,5.0,13.0,9,3,2024,20,173.28,152.07,58.79,83.49,126.12,128.04666666666665,60.90837736578882,112.71333333333332,64.94200140638311,87.62416666666667,61.35333886718403,173.28,181.68,False,False,True,False,False,True,False,False,False
2024-10-01,156.43,43.22,3.0,13.476666666666668,8.333333333333334,12.0,10,4,2024,21,193.73,173.28,152.07,181.68,116.82,173.02666666666664,20.831155352820364,131.08666666666667,70.3868432781771,93.25833333333333,67.95864167850824,193.73,193.73,False,False,True,False,False,True,False,False,False
2024-11-01,169.27,42.42,5.0,13.85,3.0,11.0,11,4,2024,22,156.43,193.73,173.28,26.97,45.33,174.48000000000002,18.678931982316417,126.87833333333333,67.4505408181926,96.55916666666667,70.13422721122085,193.73,193.73,False,False,True,False,False,True,False,False,False
2024-12-01,33.63,-8.59,2.0,6.12,5.0,6.0,12,4,2024,23,169.27,156.43,193.73,58.79,0.0,173.14333333333335,18.94926207886039,150.595,47.30406737269004,106.88749999999999,71.02448503861186,193.73,193.73,False,False,True,False,False,True,False,False,False
2025-01-01,63.39,8.89,2.0,9.275,2.5,7.0,1,1,2025,24,33.63,169.27,156.43,152.07,63.99,119.77666666666666,74.88092235899164,146.40166666666667,57.158591451037914,109.69,66.97131529787414,169.27,193.73,False,False,True,False,False,True,False,False,False
2025-02-01,12.93,-1.83,1.0,12.93,0.0,1.0,2,1,2025,25,63.39,33.63,169.27,173.28,22.950000000000003,88.76333333333334,71.29100176974181,131.62166666666667,66.1568428559485,109.63999999999999,67.00874963221389,169.27,193.73,False,False,True,False,False,True,False,False,False
2025-03-01,154.62,40.11,3.0,13.706666666666663,6.666666666666667,11.0,3,1,2025,26,12.93,63.39,33.63,193.73,83.49,36.65,25.3651966284512,104.89666666666666,77.39584037056942,108.805,68.23835171994224,63.39,193.73,False,False,True,False,False,True,False,False,False
2025-04-01,121.03,20.49,4.0,11.965,10.0,10.0,4,2,2025,27,154.62,12.93,63.39,156.43,181.68,76.98,71.81594600087085,98.37833333333333,69.6802659055393,114.7325,68.9253489620869,154.62,169.27,False,False,True,False,False,True,False,False,False
2025-05-01,65.59,14.6,1.0,12.86,15.0,6.0,5,2,2025,28,121.03,154.62,12.93,169.27,26.97,96.19333333333334,74.03822683812284,92.47833333333334,65.13208008859122,109.67833333333334,65.71902766299648,154.62,169.27,False,False,True,False,False,True,False,False,False
2025-06-01,185.45,23.700000000000003,6.0,13.378333333333332,8.333333333333334,17.0,6,2,2025,29,65.59,121.03,154.62,33.63,58.79,113.74666666666667,44.95965339427491,75.19833333333334,53.37672017524738,112.89666666666666,62.149173377569156,154.62,154.62,False,False,True,False,False,True,False,False,False
2025-07-01,146.95,40.23,2.0,19.795,10.0,9.0,7,3,2025,30,185.45,65.59,121.03,63.39,152.07,124.02333333333333,59.98603948697842,100.50166666666667,64.54660778589889,123.45166666666667,62.875978768211674,185.45,185.45,False,False,True,False,False,True,False,False,False
2025-08-01,42.69,9.88,1.0,15.81,10.0,3.0,8,3,2025,31,146.95,185.45,65.59,12.93,173.28,132.66333333333333,61.193843916960596,114.42833333333333,63.9496403169452,123.02500000000002,62.68119472957796,185.45,185.45,False,False,True,False,False,True,False,False,False
2025-09-01,251.19,46.56,6.0,10.388333333333334,3.333333333333333,28.0,9,3,2025,32,42.69,146.95,185.45,154.62,193.73,125.02999999999997,73.86114810913786,119.38833333333334,55.03571510089301,112.1425,64.47357134727939,185.45,185.45,False,False,True,False,False,True,False,False,False
2025-10-01,229.9,68.34,5.0,12.77,7.0,18.0,10,4,2025,33,251.19,42.69,146.95,121.03,156.43,146.94333333333333,104.25000015987212,135.48333333333335,77.09833271003119,116.93083333333334,72.69350658237931,251.19,251.19,False,False,True,False,False,True,False,False,False
2025-11-01,119.3,21.29,3.0,11.926666666666668,3.333333333333333,12.0,11,4,2025,34,229.9,251.19,42.69,65.59,169.27,174.59333333333333,114.72655766357387,153.62833333333333,85.38258192785379,123.05333333333334,79.13155517391544,251.19,251.19,False,False,True,False,False,True,False,False,False
2025-12-01,22.64,-2.84,1.0,6.29,10.0,4.0,12,4,2025,35,119.3,229.9,251.19,185.45,33.63,200.13,70.80559794253568,162.58,76.67831349214718,118.88916666666667,77.78166241687904,251.19,251.19,False,False,True,False,False,True,False,False,False
2024-01-01,0.0,0.0,0.0,55.31999999999999,0.0,0.0,1,1,2024,12,120.46,85.33,83.54,38.92,105.69,96.44333333333333,20.81829083602531,69.53333333333333,42.86797017199048,59.75833333333333,46.45761271081284,120.46,120.46,False,False,True,False,False,False,True,False,False
2024-02-01,40.29,-10.17,2.0,17.035,15.0,3.0,2,1,2024,13,0.0,120.46,85.33,88.95,0.0,68.59666666666665,61.94881946682546,63.04666666666666,50.6627309436302,50.95083333333334,46.97376762297196,120.46,120.46,False,False,True,False,False,False,True,False,False
2024-03-01,10.33,-6.49,1.0,10.33,0.0,1.0,3,1,2024,14,40.29,0.0,120.46,0.0,90.68,53.583333333333336,61.32036719829173,54.93666666666667,49.56977331667621,54.30833333333334,44.36857565958824,120.46,120.46,False,False,True,False,False,False,True,False,False
2024-04-01,53.8,-12.99,3.0,11.266666666666666,6.666666666666667,5.0,4,2,2024,15,10.33,40.29,0.0,83.54,9.08,16.87333333333333,20.926835244090988,56.65833333333333,47.41253986728263,47.612500000000004,44.44348916934239,40.29,120.46,False,False,True,False,False,False,True,False,False
2024-05-01,87.14,1.08,3.0,11.246666666666668,6.666666666666667,9.0,5,2,2024,16,53.8,10.33,40.29,85.33,0.0,34.806666666666665,22.24770624880979,51.70166666666666,45.55848874432365,51.339166666666664,42.76185225564174,53.8,120.46,False,False,True,False,False,False,True,False,False
2024-06-01,0.0,0.0,0.0,55.31999999999999,0.0,0.0,6,2,2024,17,87.14,53.8,10.33,120.46,94.45,50.42333333333334,38.51617106272808,52.00333333333333,45.83087198239484,58.60083333333333,40.595055780080884,87.14,120.46,False,False,True,False,False,False,True,False,False
2024-07-01,0.0,0.0,0.0,55.31999999999999,0.0,0.0,7,3,2024,18,0.0,87.14,53.8,0.0,38.92,46.98,43.968502362486696,31.926666666666666,34.93405310963307,50.73,42.13942097371533,87.14,87.14,False,False,True,False,False,False,True,False,False
2024-08-01,0.0,0.0,0.0,55.31999999999999,0.0,0.0,8,3,2024,19,0.0,0.0,87.14,40.29,88.95,29.04666666666667,50.31030245718396,31.926666666666666,34.93405310963307,47.48666666666666,44.55932212095228,87.14,87.14,False,False,True,False,False,False,True,False,False
2024-09-01,0.0,0.0,0.0,55.31999999999999,0.0,0.0,9,3,2024,20,0.0,0.0,0.0,10.33,0.0,0.0,0.0,25.211666666666662,36.8259682380065,40.07416666666666,44.43309443489847,0.0,87.14,False,False,True,False,False,False,True,False,False
2024-10-01,123.74,-3.870000000000001,5.0,11.388,5.0,11.0,10,4,2024,21,0.0,0.0,0.0,53.8,83.54,0.0,0.0,23.49,37.88704000050673,40.07416666666666,44.43309443489847,0.0,87.14,False,False,True,False,False,False,True,False,False
2024-11-01,0.0,0.0,0.0,55.31999999999999,0.0,0.0,11,4,2024,22,123.74,0.0,0.0,87.14,85.33,41.24666666666666,71.4413223095243,35.14666666666667,55.66549763243534,43.42416666666667,49.26119779637248,123.74,123.74,False,False,True,False,False,False,True,False,False
2024-12-01,128.97,32.49,2.0,17.740000000000002,10.0,7.0,12,4,2024,23,0.0,123.74,0.0,0.0,120.46,41.24666666666666,71.4413223095243,20.62333333333333,50.51664346199838,36.313333333333325,48.81888016542432,123.74,123.74,False,False,True,False,False,False,True,False,False
2025-01-01,0.0,0.0,0.0,55.31999999999999,0.0,0.0,1,1,2025,24,128.97,0.0,123.74,0.0,0.0,84.23666666666666,72.99794677477809,42.11833333333333,65.2703983185844,37.0225,50.194779722234415,128.97,128.97,False,False,True,False,False,False,True,False,False
2025-02-01,95.61,21.58,1.0,14.06,15.0,8.0,2,1,2025,25,0.0,128.97,0.0,0.0,40.29,42.99,74.46086421738605,42.11833333333333,65.2703983185844,37.0225,50.194779722234415,128.97,128.97,False,False,True,False,False,False,True,False,False
2025-03-01,0.0,0.0,0.0,55.31999999999999,0.0,0.0,3,1,2025,26,95.61,0.0,128.97,0.0,10.33,74.86000000000001,66.94204284304448,58.053333333333335,64.59873610734707,41.6325,52.984962210560695,128.97,128.97,False,False,True,False,False,False,True,False,False
2025-04-01,267.5,51.14,5.0,15.618,10.0,18.0,4,2,2025,27,0.0,95.61,0.0,123.74,53.8,31.87,55.200459237220116,58.053333333333335,64.59873610734707,40.77166666666667,53.619869592824585,95.61,128.97,False,False,True,False,False,False,True,False,False
2025-05-01,45.49,-2.04,1.0,7.22,10.0,7.0,5,2,2025,28,267.5,0.0,95.61,0.0,87.14,121.03666666666668,135.55054051287783,82.01333333333334,106.74611181053231,58.580000000000005,84.77582920963863,267.5,267.5,False,False,True,False,False,False,True,False,False
2025-06-01,73.72,4.8,2.0,16.805,15.0,5.0,6,2,2025,29,45.49,267.5,0.0,128.97,0.0,104.33,143.12816529250978,89.59499999999998,101.22898690592531,55.109166666666674,84.35178916659717,267.5,267.5,False,False,True,False,False,False,True,False,False
2025-07-01,0.0,0.0,0.0,55.31999999999999,0.0,0.0,7,3,2025,30,73.72,45.49,267.5,0.0,0.0,128.90333333333334,120.85532769941645,80.38666666666667,99.42776627615983,61.252500000000005,82.64047215884213,267.5,267.5,False,False,True,False,False,False,True,False,False
2025-08-01,14.45,-5.02,1.0,15.21,5.0,1.0,8,3,2025,31,0.0,73.72,45.49,95.61,0.0,39.73666666666667,37.1952313251757,80.38666666666667,99.42776627615983,61.252500000000005,82.64047215884213,73.72,267.5,False,False,True,False,False,False,True,False,False
2025-09-01,68.1,4.24,2.0,9.365,7.5,9.0,9,3,2025,32,14.45,0.0,73.72,0.0,0.0,29.39,39.06484736947013,66.86,102.41823411873493,62.45666666666667,81.76748023659786,73.72,267.5,False,False,True,False,False,False,True,False,False
2025-10-01,45.29,5.56,1.0,17.76,15.0,3.0,10,4,2025,33,68.1,14.45,0.0,267.5,123.74,27.516666666666666,35.881134783244114,78.21,97.16564866247741,68.13166666666667,79.36662543748054,68.1,267.5,False,False,True,False,False,False,True,False,False
2025-11-01,0.0,0.0,0.0,55.31999999999999,0.0,0.0,11,4,2025,34,45.29,68.1,14.45,45.49,0.0,42.61333333333334,26.924970442571183,41.175000000000004,29.08364265356039,61.594166666666666,77.58061009607223,68.1,73.72,False,False,True,False,False,False,True,False,False
2025-12-01,23.87,-3.28,1.0,13.26,10.0,2.0,12,4,2025,35,0.0,45.29,68.1,73.72,128.97,37.79666666666666,34.66287687618169,33.593333333333334,33.350150624347464,61.594166666666666,77.58061009607223,68.1,73.72,False,False,True,False,False,False,True,False,False
2024-01-01,292.02,78.88,5.0,11.580000000000002,5.0,27.0,1,1,2024,12,414.3,79.17,46.45,175.93,113.16,179.97333333333336,203.59123172016356,171.14333333333332,129.47974600943064,173.89333333333335,108.15553802769698,414.3,414.3,False,False,True,False,False,False,False,True,False
2024-02-01,64.6,11.66,2.0,12.835,10.0,6.0,2,1,2024,13,292.02,414.3,79.17,165.0,58.02,261.83,169.59247123619613,190.49166666666667,138.6846289127482,188.79833333333332,111.30355208195562,414.3,414.3,False,False,True,False,False,False,False,True,False
2024-03-01,343.16,131.59,4.0,15.9275,7.5,22.0,3,1,2024,14,64.6,292.02,414.3,146.01,281.89,256.9733333333333,177.4647123608898,173.75833333333333,148.1121139430083,189.34666666666666,110.61478335633849,414.3,414.3,False,False,True,False,False,False,False,True,False
2024-04-01,209.4,51.32,5.0,13.56,13.0,18.0,4,2,2024,15,343.16,64.6,292.02,46.45,169.53,233.26,148.28510242097826,206.61666666666667,161.94747650601622,194.45250000000001,116.53067166474399,343.16,414.3,False,False,True,False,False,False,False,True,False
2024-05-01,75.43,7.34,3.0,13.933333333333332,8.333333333333334,7.0,5,2,2024,16,209.4,343.16,64.6,79.17,141.16000000000005,205.72,139.3164570321827,233.775,142.1716294835225,197.775,116.32368651936092,343.16,414.3,False,False,True,False,False,False,False,True,False
2024-06-01,167.03,52.2,3.0,9.08,1.6666666666666667,15.0,6,2,2024,17,75.43,209.4,343.16,414.3,296.1,209.33,133.86501372651486,233.15166666666664,142.99088284455996,192.2975,120.69729424737064,343.16,414.3,False,False,True,False,False,False,False,True,False
2024-07-01,269.57,94.02,4.0,14.8475,12.5,21.0,7,3,2024,18,167.03,75.43,209.4,292.02,175.93,150.62,68.47595417370981,191.93999999999997,112.78201115426168,181.54166666666666,116.27609672541033,209.4,343.16,False,False,True,False,False,False,False,True,False
2024-08-01,273.31,71.31,7.0,12.55714285714286,7.142857142857143,22.0,8,3,2024,19,269.57,167.03,75.43,64.6,165.0,170.67666666666665,97.12135982024417,188.19833333333335,109.11032974318552,189.34500000000003,118.97602122811442,269.57,343.16,False,False,True,False,False,False,False,True,False
2024-09-01,240.08,69.97,4.0,11.515,10.0,22.0,9,3,2024,20,273.31,269.57,167.03,343.16,146.01,236.63666666666668,60.310139556573276,222.98333333333335,94.05614358810737,198.37083333333337,121.0514856998935,273.31,343.16,False,False,True,False,False,False,False,True,False
2024-10-01,118.61,2.3199999999999994,5.0,9.605999999999998,14.0,17.0,10,4,2024,21,240.08,273.31,269.57,209.4,46.45,260.9866666666667,18.20201728746974,205.8033333333333,75.2485762434524,206.21,120.3965611861674,273.31,273.31,False,False,True,False,False,False,False,True,False
2024-11-01,174.55,23.55,7.0,9.327142857142857,7.142857142857143,19.0,11,4,2024,22,118.61,240.08,273.31,75.43,79.17,210.66666666666666,81.43635940618503,190.67166666666665,83.09955292699637,212.22333333333336,113.28372733445825,273.31,273.31,False,False,True,False,False,False,False,True,False
2024-12-01,159.96,32.43,4.0,10.9125,8.75,17.0,12,4,2024,23,174.55,118.61,240.08,167.03,414.3,177.74666666666667,60.79806109847037,207.1916666666667,63.03884910645713,220.17166666666665,106.22583582617602,240.08,273.31,False,False,True,False,False,False,False,True,False
2025-01-01,159.0,46.07,4.0,15.325,7.5,12.0,1,1,2025,24,159.96,174.55,118.61,269.57,292.02,151.04,29.017162163106168,206.01333333333332,63.99847269010934,198.97666666666666,87.7351950041957,174.55,273.31,False,False,True,False,False,False,False,True,False
2025-02-01,87.76,9.07,4.0,13.225,11.25,8.0,2,1,2025,25,159.0,159.96,174.55,273.31,64.6,164.50333333333333,8.713898859485072,187.585,57.640619965437615,187.89166666666665,83.19672970335637,174.55,273.31,False,False,True,False,False,False,False,True,False
2025-03-01,198.5,49.05,5.0,12.36,11.0,18.0,3,1,2025,26,87.76,159.0,159.96,240.08,343.16,135.57333333333335,41.41034331339615,156.66,51.94290442399236,189.8216666666667,80.29461148379347,159.96,240.08,False,False,True,False,False,False,False,True,False
2025-04-01,67.25,4.19,4.0,12.4625,5.0,6.0,4,2,2025,27,198.5,87.76,159.0,118.61,209.4,148.42,56.122982814529735,149.73,39.98466305972835,177.76666666666668,64.48274164221753,198.5,198.5,False,False,True,False,False,False,False,True,False
2025-05-01,100.75,11.45,5.0,8.758,8.0,14.0,5,2,2025,28,67.25,198.5,87.76,174.55,75.43,117.83666666666666,70.6052054266067,141.17,51.74692415979915,165.92083333333335,70.88251758538512,198.5,198.5,False,False,True,False,False,False,False,True,False
2025-06-01,71.58,-6.390000000000001,6.0,8.398333333333333,11.666666666666666,9.0,6,2,2025,29,100.75,67.25,198.5,159.96,167.03,122.16666666666667,68.19564380027022,128.87,50.99124003198985,168.03083333333333,68.27275890377757,198.5,198.5,False,False,True,False,False,False,False,True,False
2025-07-01,11.55,-0.5,1.0,12.16,5.0,1.0,7,3,2025,30,71.58,100.75,67.25,159.0,269.57,79.86000000000001,18.22035400314714,114.14,52.941951985169595,160.07666666666668,73.74119489296625,100.75,198.5,False,False,True,False,False,False,False,True,False
2025-08-01,27.0,0.4999999999999999,2.0,10.53,10.0,3.0,8,3,2025,31,11.55,71.58,100.75,87.76,273.31,61.293333333333344,45.4810029939241,89.565,61.486512586094854,138.57500000000002,76.47870927733601,100.75,198.5,False,False,True,False,False,False,False,True,False
2025-09-01,133.01,36.87,3.0,9.426666666666668,5.0,13.0,9,3,2025,32,27.0,11.55,71.58,198.5,240.08,36.71000000000001,31.170712215154772,79.43833333333333,66.63149568084651,118.04916666666668,69.79102904819551,71.58,198.5,False,False,True,False,False,False,False,True,False
2025-10-01,119.52,19.12,4.0,9.98,3.75,14.0,10,4,2025,33,133.01,27.0,11.55,67.25,118.61,57.18666666666667,66.11776639703834,68.52333333333333,45.11806895985982,109.12666666666667,58.741061421885334,133.01,133.01,False,False,True,False,False,False,False,True,False
2025-11-01,226.63,38.71,8.0,12.7975,8.75,19.0,11,4,2025,34,119.52,133.01,27.0,100.75,174.55,93.17666666666666,57.70622525632163,77.235,49.64248291534177,109.2025,58.75500290110707,133.01,133.01,False,False,True,False,False,False,False,True,False
2025-12-01,160.18,22.07,6.0,12.813333333333333,10.0,15.0,12,4,2025,35,226.63,119.52,133.01,71.58,159.96,159.72,58.33700455114232,98.21499999999999,79.30552181279687,113.54250000000002,65.55119361301453,226.63,226.63,False,False,True,False,False,False,False,True,False
2024-01-01,102.81,31.98,2.0,16.545,0.0,6.0,1,1,2024,12,114.88,88.03999999999999,218.96,25.26,37.16,140.62666666666667,69.15330601882556,88.70333333333333,76.88813111701094,53.23666666666667,66.71817025686663,218.96,218.96,False,False,True,False,False,False,False,False,True
2024-02-01,0.0,0.0,0.0,55.31999999999999,0.0,0.0,2,1,2024,13,102.81,114.88,88.03999999999999,85.08,69.46,101.90999999999998,13.44261507296855,101.62833333333333,70.3285593245494,58.7075,67.96011706408132,114.88,218.96,False,False,True,False,False,False,False,False,True
2024-03-01,0.0,0.0,0.0,55.31999999999999,0.0,0.0,3,1,2024,14,0.0,102.81,114.88,0.0,0.0,72.56333333333332,63.130810491655616,87.44833333333332,81.94945720788311,52.91916666666666,69.89163644311793,114.88,218.96,False,False,True,False,False,False,False,False,True
2024-04-01,0.0,0.0,0.0,55.31999999999999,0.0,0.0,4,2,2024,15,0.0,0.0,102.81,218.96,0.0,34.26999999999999,59.35738117538544,87.44833333333332,81.94945720788311,52.91916666666666,69.89163644311793,102.81,218.96,False,False,True,False,False,False,False,False,True
2024-05-01,111.89,7.629999999999999,3.0,12.03,10.0,10.0,5,2,2024,16,0.0,0.0,0.0,88.03999999999999,0.0,0.0,0.0,50.955000000000005,56.462164234113445,52.91916666666666,69.89163644311793,0.0,114.88,False,False,True,False,False,False,False,False,True
2024-06-01,0.0,0.0,0.0,55.31999999999999,0.0,0.0,6,2,2024,17,111.89,0.0,0.0,114.88,0.0,37.29666666666666,64.59972161962723,54.93,60.303985274606845,62.24333333333333,69.65309447323192,111.89,114.88,False,False,True,False,False,False,False,False,True
2024-07-01,0.0,0.0,0.0,55.31999999999999,0.0,0.0,7,3,2024,18,0.0,111.89,0.0,102.81,25.26,37.29666666666666,64.59972161962723,35.78333333333333,55.50961454258773,62.24333333333333,69.65309447323192,111.89,111.89,False,False,True,False,False,False,False,False,True
2024-08-01,65.28,3.17,1.0,9.6,15.0,8.0,8,3,2024,19,0.0,0.0,111.89,0.0,85.08,37.29666666666666,64.59972161962723,18.648333333333333,45.678901220001634,60.13833333333333,71.23608799852315,111.89,111.89,False,False,True,False,False,False,False,False,True
2024-09-01,115.77,11.61,3.0,13.526666666666666,13.333333333333334,10.0,9,3,2024,20,65.28,0.0,0.0,0.0,0.0,21.75999999999999,37.68942557269877,29.528333333333336,48.06103553468929,58.48833333333334,70.83403301615216,65.28,111.89,False,False,True,False,False,False,False,False,True
2024-10-01,96.31,22.56,1.0,11.89,10.0,9.0,10,4,2024,21,115.77,65.28,0.0,0.0,218.96,60.34999999999999,58.04224237570426,48.82333333333333,56.35820460826149,68.13583333333334,70.02303237420377,115.77,115.77,False,False,True,False,False,False,False,False,True
2024-11-01,96.15,17.62,1.0,17.17,20.0,7.0,11,4,2024,22,96.31,115.77,65.28,111.89,88.03999999999999,92.45333333333332,25.464984455784254,64.875,53.30396936439161,57.915,52.85292191114371,115.77,115.77,False,False,True,False,False,False,False,False,True
2024-12-01,91.37,26.14,1.0,13.74,5.0,7.0,12,4,2024,23,96.15,96.31,115.77,0.0,114.88,102.74333333333333,11.281707908527578,62.251666666666665,50.85860769492876,58.59083333333333,53.3229129427207,115.77,115.77,False,False,True,False,False,False,False,False,True
2025-01-01,31.64,-10.17,2.0,9.11,15.0,4.0,1,1,2025,24,91.37,96.15,96.31,0.0,102.81,94.61,2.807062521569523,77.48,41.26544413913413,56.63166666666666,51.4663234699658,96.31,115.77,False,False,True,False,False,False,False,False,True
2025-02-01,0.0,0.0,0.0,55.31999999999999,0.0,0.0,2,1,2025,25,31.64,91.37,96.15,65.28,0.0,73.05333333333333,35.94454386041549,82.75333333333334,29.817750865326275,50.70083333333334,49.73260727646554,96.15,115.77,False,False,True,False,False,False,False,False,True
2025-03-01,0.0,0.0,0.0,55.31999999999999,0.0,0.0,3,1,2025,26,0.0,31.64,91.37,115.77,0.0,41.00333333333332,46.399065004947374,71.87333333333333,45.33881721733229,50.70083333333334,49.73260727646554,91.37,115.77,False,False,True,False,False,False,False,False,True
2025-04-01,32.52,-7.03,2.0,11.095,12.5,3.0,4,2,2025,27,0.0,0.0,31.64,96.31,0.0,10.546666666666658,18.267362517159714,52.57833333333334,47.503933065238584,50.70083333333334,49.73260727646554,31.64,96.31,False,False,True,False,False,False,False,False,True
2025-05-01,164.72,26.6,4.0,10.555,11.25,13.0,5,2,2025,28,32.52,0.0,0.0,96.15,111.89,10.839999999999991,18.77543075404663,41.946666666666665,42.649272756597725,53.410833333333336,47.5571364414969,32.52,96.15,False,False,True,False,False,False,False,False,True
2025-06-01,0.0,0.0,0.0,55.31999999999999,0.0,0.0,6,2,2025,29,164.72,32.52,0.0,91.37,0.0,65.74666666666666,87.24206630595893,53.375,63.94755906209401,57.81333333333333,55.28095765078496,164.72,164.72,False,False,True,False,False,False,False,False,True
2025-07-01,60.28,-8.58,2.0,6.404999999999999,10.0,11.0,7,3,2025,30,0.0,164.72,32.52,31.64,0.0,65.74666666666666,87.24206630595893,38.14666666666667,63.969225934559105,57.81333333333333,55.28095765078496,164.72,164.72,False,False,True,False,False,False,False,False,True
2025-08-01,8.78,-7.12,1.0,8.78,0.0,1.0,8,3,2025,31,60.28,0.0,164.72,0.0,65.28,74.99999999999999,83.34073673780428,42.919999999999995,64.45331457729696,62.83666666666667,52.203033233595534,164.72,164.72,False,False,True,False,False,False,False,False,True
2025-09-01,132.92,39.67,2.0,17.285,12.5,8.0,9,3,2025,32,8.78,60.28,0.0,0.0,115.77,23.019999999999992,32.56536196635929,44.38333333333333,63.37462257612796,58.12833333333333,54.461709623840456,60.28,164.72,False,False,True,False,False,False,False,False,True
2025-10-01,23.380000000000003,-11.74,2.0,14.035,15.0,2.0,10,4,2025,33,132.92,8.78,60.28,32.52,96.31,67.32666666666665,62.36927555562381,66.53666666666668,67.83207785897957,59.5575,56.305641106860215,132.92,164.72,False,False,True,False,False,False,False,False,True
2025-11-01,177.76,32.56,3.0,10.07,6.666666666666667,18.0,11,4,2025,34,23.380000000000003,132.92,8.78,164.72,96.15,55.02666666666665,67.85144459282597,65.01333333333334,68.84387399519777,53.48,55.91260274262455,132.92,164.72,False,False,True,False,False,False,False,False,True
2025-12-01,22.39,-0.55,1.0,12.44,10.0,2.0,12,4,2025,35,177.76,23.380000000000003,132.92,0.0,91.37,111.35333333333331,79.41748506049115,67.18666666666667,72.7178741896837,60.28083333333333,65.68394303001075,177.76,177.76,False,False,True,False,False,False,False,False,True
2024-01-01,398.66,141.24,2.0,44.825,10.0,9.0,1,1,2024,12,2172.02,762.9100000000001,1233.96,1830.88,99.69,1389.63,717.3371659826363,1296.3816666666667,588.8916565011485,1097.455,568.9425663217046,2172.02,2172.02,False,False,False,True,True,False,False,False,False
2024-02-01,28.43,1.48,1.0,28.43,0.0,1.0,2,1,2024,13,398.66,2172.02,762.9100000000001,1064.69,857.26,1111.1966666666667,936.5784131792349,1057.6783333333333,618.4346287010993,1122.3691666666666,526.2200498833568,2172.02,2172.02,False,False,False,True,True,False,False,False,False
2024-03-01,1688.69,652.51,4.0,82.13499999999999,2.5,22.0,3,1,2024,14,28.43,398.66,2172.02,713.83,1405.11,866.3700000000002,1145.7787766842255,884.9683333333332,747.3469680788613,1053.3,611.6413374608596,2172.02,2172.02,False,False,False,True,True,False,False,False,False
2024-04-01,2085.73,637.89,7.0,86.89999999999999,12.857142857142858,37.0,4,2,2024,15,1688.69,28.43,398.66,1233.96,529.7,705.2599999999999,871.56094847119,1047.445,806.3405779879864,1076.9316666666666,631.6216567884942,1688.69,2172.02,False,False,False,True,True,False,False,False,False
2024-05-01,735.62,237.16,5.0,59.278,7.0,13.0,5,2,2024,16,2085.73,1688.69,28.43,762.9100000000001,1440.3200000000002,1267.6166666666668,1091.3743109187303,1189.4066666666665,913.592342977253,1206.6008333333332,667.7538711974963,2085.73,2172.02,False,False,False,True,True,False,False,False,False
2024-06-01,224.13,66.32,1.0,65.92,15.0,4.0,6,2,2024,17,735.62,2085.73,1688.69,2172.02,1059.09,1503.346666666667,693.8756130844588,1184.8583333333333,916.2045245340511,1147.8758333333333,676.263957778434,2085.73,2172.02,False,False,False,True,True,False,False,False,False
2024-07-01,839.78,283.97,3.0,112.41,11.666666666666666,8.0,7,3,2024,18,224.13,735.62,2085.73,398.66,1830.88,1015.1600000000002,961.7669149539299,860.21,838.2464060406105,1078.2958333333333,727.2606929175251,2085.73,2085.73,False,False,False,True,True,False,False,False,False
2024-08-01,844.07,301.64,4.0,90.22,2.5,10.0,8,3,2024,19,839.78,224.13,735.62,28.43,1064.69,599.8433333333335,329.51890390891555,933.73,808.4853772579934,995.7041666666665,689.3105609686238,839.78,2085.73,False,False,False,True,True,False,False,False,False
2024-09-01,86.26,27.3,1.0,43.13,0.0,2.0,9,3,2024,20,844.07,839.78,224.13,1688.69,713.83,635.9933333333335,356.69055921531367,1069.67,684.9577724502437,977.3191666666667,690.2448393466605,844.07,2085.73,False,False,False,True,True,False,False,False,False
2024-10-01,1128.5,381.93,5.0,55.062,13.0,20.0,10,4,2024,21,86.26,844.07,839.78,2085.73,1233.96,590.0366666666669,436.28866411280177,802.5983333333334,707.3586879488133,925.0216666666666,734.3863781272008,844.07,2085.73,False,False,False,True,True,False,False,False,False
2024-11-01,902.0,372.78,2.0,82.4,7.5,8.0,11,4,2024,22,1128.5,86.26,844.07,735.62,762.9100000000001,686.276666666667,538.7393678146542,643.0600000000001,402.20683997167424,916.2333333333332,730.9763456480448,1128.5,1128.5,False,False,False,True,True,False,False,False,False
2024-12-01,382.03,67.92999999999999,4.0,49.025000000000006,16.25,10.0,12,4,2024,23,902.0,1128.5,86.26,224.13,2172.02,705.5866666666667,548.1785316238983,670.7900000000001,415.38429512922124,927.8241666666667,729.4252389314148,1128.5,1128.5,False,False,False,True,True,False,False,False,False
2025-01-01,462.51,167.95,2.0,65.87,7.5,7.0,1,1,2025,24,382.03,902.0,1128.5,839.78,398.66,804.1766666666668,382.7289101091441,697.1066666666667,385.34201523668116,778.6583333333333,627.8053854330878,1128.5,1128.5,False,False,False,True,True,False,False,False,False
2025-02-01,2408.08,812.94,6.0,138.835,8.333333333333334,20.0,2,1,2025,25,462.51,382.03,902.0,844.07,28.43,582.1800000000002,279.8801205873684,634.2283333333334,388.1752569866691,783.9791666666666,624.5541625753139,902.0,1128.5,False,False,False,True,True,False,False,False,False
2025-03-01,0.0,0.0,0.0,55.31999999999999,0.0,0.0,3,1,2025,26,2408.08,462.51,382.03,86.26,1688.69,1084.2066666666667,1147.2138900978027,894.8966666666666,830.449093073541,982.2833333333334,731.4805276266552,2408.08,2408.08,False,False,False,True,True,False,False,False,False
2025-04-01,778.61,221.27,5.0,46.596,10.0,22.0,4,2,2025,27,0.0,2408.08,462.51,1128.5,2085.73,956.8633333333333,1277.8893673684483,880.52,847.8130849426659,841.5591666666668,745.5280045036823,2408.08,2408.08,False,False,False,True,True,False,False,False,False
2025-05-01,450.29,133.24,3.0,36.266666666666666,10.0,15.0,5,2,2025,28,778.61,0.0,2408.08,902.0,735.62,1062.2300000000002,1228.8378859312566,822.2049999999999,839.3357930351832,732.6325,634.4327008527885,2408.08,2408.08,False,False,False,True,True,False,False,False,False
2025-06-01,3383.84,1303.37,6.0,79.53666666666666,7.5,37.0,6,2,2025,29,450.29,778.61,0.0,382.03,224.13,409.6333333333335,390.89398362386254,746.92,850.9253087316183,708.855,639.6360683374428,778.61,2408.08,False,False,False,True,True,False,False,False,False
2025-07-01,373.68,99.78,4.0,49.855,8.75,9.0,7,3,2025,30,3383.84,450.29,778.61,462.51,839.78,1537.5800000000002,1607.3131295114842,1247.2216666666666,1337.0685273001782,972.1641666666668,981.1441890462597,3383.84,3383.84,False,False,False,True,True,False,False,False,False
2025-08-01,256.09,86.02,1.0,56.91,10.0,5.0,8,3,2025,31,373.68,3383.84,450.29,2408.08,844.07,1402.6033333333335,1716.228807599189,1232.4166666666667,1347.942784314923,933.3225000000001,995.9753897116956,3383.84,3383.84,False,False,False,True,True,False,False,False,False
2025-09-01,434.87,122.09,3.0,56.89333333333334,10.0,9.0,9,3,2025,32,256.09,373.68,3383.84,0.0,86.26,1337.8700000000001,1772.8372126904378,873.7516666666667,1255.7017752861016,884.3241666666668,1015.0461053698574,3383.84,3383.84,False,False,False,True,True,False,False,False,False
2025-10-01,2408.64,865.28,8.0,87.0775,7.5,41.0,10,4,2025,33,434.87,256.09,373.68,778.61,1128.5,354.8800000000001,90.86061908219125,946.23,1206.7801151659737,913.375,994.9179856148951,434.87,3383.84,False,False,False,True,True,False,False,False,False
2025-11-01,1027.74,318.22,4.0,63.9575,10.0,28.0,11,4,2025,34,2408.64,434.87,256.09,450.29,902.0,1033.2,1194.515369218831,1217.9016666666666,1337.8568539782823,1020.0533333333333,1084.6639710932964,2408.64,3383.84,False,False,False,True,True,False,False,False,False
2025-12-01,493.17,141.27,4.0,96.1175,11.25,6.0,12,4,2025,35,1027.74,2408.64,434.87,3383.84,382.03,1290.4166666666667,1012.7641762193872,1314.1433333333334,1291.562143060359,1030.5316666666668,1084.0270116462914,2408.64,3383.84,False,False,False,True,True,False,False,False,False
2024-01-01,213.82,70.11,2.0,34.35,2.5,6.0,1,1,2024,12,697.57,1204.18,767.6700000000001,1258.67,462.4,889.8066666666667,274.50218037992545,1231.925,884.4574126943592,1059.175,731.7547897846158,1204.18,2937.79,False,False,False,True,False,True,False,False,False
2024-02-01,836.07,270.29,5.0,91.616,11.0,12.0,2,1,2024,13,213.82,697.57,1204.18,2937.79,1266.36,705.1899999999999,495.22397023972866,1057.7833333333333,976.2371791663471,1038.46,753.3833466315924,1204.18,2937.79,False,False,False,True,False,True,False,False,False
2024-03-01,517.3399999999999,195.32,3.0,55.31999999999999,1.6666666666666667,8.0,3,1,2024,14,836.07,213.82,697.57,525.67,906.33,582.4866666666667,326.69847846804066,707.4966666666666,329.7642771233211,1002.6025,751.7884926944062,836.07,1204.18,False,False,False,True,False,True,False,False,False
2024-04-01,753.79,249.67,5.0,84.172,8.0,14.0,4,2,2024,15,517.3399999999999,836.07,213.82,767.6700000000001,1560.5700000000002,522.41,311.1559806592177,706.1083333333332,330.6990924339928,970.1866666666666,764.5941989570598,836.07,1204.18,False,False,False,True,False,True,False,False,False
2024-05-01,4041.54,1470.0,9.0,84.35333333333334,5.555555555555555,44.0,5,2,2024,16,753.79,517.3399999999999,836.07,1204.18,0.0,702.4,165.46269156519728,703.795,330.2305383061958,902.955,743.1310329153388,836.07,1204.18,False,False,False,True,False,True,False,False,False
2024-06-01,0.0,0.0,0.0,55.31999999999999,0.0,0.0,6,2,2024,17,4041.54,753.79,517.3399999999999,697.57,1122.89,1770.89,1969.9912988386525,1176.6883333333333,1420.8201118145346,1239.75,1117.9892119661654,4041.54,4041.54,False,False,False,True,False,True,False,False,False
2024-07-01,559.47,196.13,5.0,47.474,6.0,10.0,7,3,2024,18,0.0,4041.54,753.79,213.82,1258.67,1598.4433333333334,2149.0906991174975,1060.4266666666665,1494.495858564575,1146.1758333333335,1174.23665594027,4041.54,4041.54,False,False,False,True,False,True,False,False,False
2024-08-01,825.88,289.72,4.0,84.2925,7.5,11.0,8,3,2024,19,559.47,0.0,4041.54,836.07,2937.79,1533.67,2189.8197695015906,1118.0349999999999,1461.6355065302703,1087.9091666666666,1185.4411418881416,4041.54,4041.54,False,False,False,True,False,True,False,False,False
2024-09-01,1268.5,393.98,6.0,74.00333333333333,14.166666666666666,25.0,9,3,2024,20,825.88,559.47,0.0,517.3399999999999,525.67,461.7833333333333,421.51685284616246,1116.3366666666666,1462.0345239790565,911.9166666666666,1032.7763806039202,825.88,4041.54,False,False,False,True,False,True,False,False,False
2024-10-01,1898.18,703.29,8.0,67.6775,6.25,29.0,10,4,2024,21,1268.5,825.88,559.47,753.79,767.6700000000001,884.6166666666667,358.145755570736,1241.53,1432.343617683969,973.8191666666667,1029.77842840503,1268.5,4041.54,False,False,False,True,False,True,False,False,False
2024-11-01,1090.07,344.65,6.0,70.16166666666668,11.666666666666666,20.0,11,4,2024,22,1898.18,1268.5,825.88,4041.54,1204.18,1330.8533333333335,538.8624835088572,1432.2616666666665,1430.5990841939843,1068.0283333333334,1060.4596256498091,1898.18,4041.54,False,False,False,True,False,True,False,False,False
2024-12-01,429.35,132.07,1.0,63.14,15.0,8.0,12,4,2024,23,1090.07,1898.18,1268.5,0.0,697.57,1418.9166666666667,424.53424270997664,940.3499999999999,646.524228099767,1058.5191666666667,1059.6390578310431,1898.18,1898.18,False,False,False,True,False,True,False,False,False
2025-01-01,197.61,64.49,1.0,73.19,10.0,3.0,1,1,2025,24,429.35,1090.07,1898.18,559.47,213.82,1139.2,735.6464571382098,1011.9083333333333,535.9304422559575,1036.1675,1070.7159302849234,1898.18,1898.18,False,False,False,True,False,True,False,False,False
2025-02-01,241.89,69.80000000000001,3.0,88.63999999999999,11.666666666666666,3.0,2,1,2025,25,197.61,429.35,1090.07,825.88,836.07,572.3433333333334,463.09451835811376,951.5983333333332,611.99097187513,1034.8166666666666,1071.8573518586013,1090.07,1898.18,False,False,False,True,False,True,False,False,False
2025-03-01,333.78,93.06,4.0,62.3425,10.0,6.0,3,1,2025,26,241.89,197.61,429.35,1268.5,517.3399999999999,289.6166666666667,123.02127024760165,854.2666666666665,678.7790284523132,985.3016666666667,1095.340198235095,429.35,1898.18,False,False,False,True,False,True,False,False,False
2025-04-01,1162.31,454.29,5.0,132.32,2.0,9.0,4,2,2025,27,333.78,241.89,197.61,1898.18,753.79,257.76,69.45833211357804,698.4799999999999,671.9233661661125,970.005,1103.719173484896,333.78,1898.18,False,False,False,True,False,True,False,False,False
2025-05-01,414.58,124.32,4.0,57.695,8.75,8.0,5,2,2025,28,1162.31,333.78,241.89,1090.07,4041.54,579.3266666666667,506.96461240734885,575.8349999999999,434.2838824432697,1004.0483333333332,1102.743729289756,1162.31,1162.31,False,False,False,True,False,True,False,False,False
2025-06-01,446.55,149.53,4.0,72.9125,8.75,6.0,6,2,2025,29,414.58,1162.31,333.78,429.35,0.0,636.89,456.8170227782674,463.2533333333333,354.55047666963645,701.8016666666667,556.0707752670165,1162.31,1162.31,False,False,False,True,False,True,False,False,False
2025-07-01,40.3,6.82,1.0,44.78,10.0,1.0,7,3,2025,30,446.55,414.58,1162.31,197.61,559.47,674.48,422.77547457249705,466.11999999999995,354.2909711522434,739.0141666666667,518.5094344974631,1162.31,1162.31,False,False,False,True,False,True,False,False,False
2025-08-01,4162.360000000001,1398.69,6.0,110.07166666666666,13.333333333333334,38.0,8,3,2025,31,40.3,446.55,414.58,241.89,825.88,300.47666666666663,225.88590844347362,439.9016666666666,382.80833519748035,695.75,555.2130051365218,446.55,1162.31,False,False,False,True,False,True,False,False,False
2025-09-01,976.39,347.96,6.0,100.68333333333334,8.333333333333334,9.0,9,3,2025,32,4162.360000000001,40.3,446.55,333.78,1268.5,1549.736666666667,2271.697664090302,1093.3133333333333,1548.451981427473,973.79,1146.6810790593554,4162.360000000001,4162.360000000001,False,False,False,True,False,True,False,False,False
2025-10-01,1248.1,424.19,5.0,81.33200000000001,7.0,24.0,10,4,2025,33,976.39,4162.360000000001,40.3,1162.31,1898.18,1726.3500000000004,2160.943002973471,1200.4150000000002,1507.081502331576,949.4475000000001,1142.95051018386,4162.360000000001,4162.360000000001,False,False,False,True,False,True,False,False,False
2025-11-01,2041.27,610.61,5.0,105.018,14.0,22.0,11,4,2025,34,1248.1,976.39,4162.360000000001,414.58,1090.07,2128.9500000000003,1766.217356980732,1214.7133333333334,1507.054643172127,895.2741666666667,1108.7903939425355,4162.360000000001,4162.360000000001,False,False,False,True,False,True,False,False,False
2025-12-01,477.83,119.64,5.0,80.34,11.0,10.0,12,4,2025,35,2041.27,1248.1,976.39,446.55,429.35,1421.92,553.3103992335587,1485.8283333333331,1480.4074439344956,974.5408333333334,1156.937182811569,2041.27,4162.360000000001,False,False,False,True,False,True,False,False,False
2024-01-01,1596.14,469.67,2.0,113.085,10.0,14.0,1,1,2024,12,0.0,17.56,593.41,68.34,61.04,203.65666666666664,337.6504613255154,211.20000000000002,241.99816420791288,278.8433333333333,364.9203795682592,593.41,593.41,False,False,False,True,False,False,True,False,False
2024-02-01,41.84,4.44,1.0,22.02,5.0,2.0,2,1,2024,13,1596.14,0.0,17.56,170.4,48.95,537.9,916.5047799111579,465.8333333333333,600.2393813693556,406.7683333333334,518.4145643793257,1596.14,1596.14,False,False,False,True,False,False,True,False,False
2024-03-01,1076.19,389.78,3.0,132.05333333333334,10.0,8.0,3,1,2024,14,41.84,1596.14,0.0,417.49,1197.35,545.9933333333333,909.694268715228,444.4066666666667,615.0075535687888,406.1758333333334,518.8645630160031,1596.14,1596.14,False,False,False,True,False,False,True,False,False
2024-04-01,0.0,0.0,0.0,55.31999999999999,0.0,0.0,4,2,2024,15,1076.19,41.84,1596.14,593.41,609.39,904.7233333333334,791.2096661652544,554.19,665.925348128452,396.07916666666665,503.00586402615323,1596.14,1596.14,False,False,False,True,False,False,True,False,False
2024-05-01,1403.59,480.96,4.0,70.43,8.75,14.0,5,2,2024,16,0.0,1076.19,41.84,17.56,0.0,372.6766666666667,609.6194747818785,455.2883333333334,702.0230702880544,345.2966666666667,510.22229902684813,1076.19,1596.14,False,False,False,True,False,False,True,False,False
2024-06-01,373.37,101.93,2.0,127.92,17.5,3.0,6,2,2024,17,1403.59,0.0,1076.19,0.0,162.19,826.5933333333332,734.3296902845024,686.2933333333334,755.2048799012533,462.26250000000005,579.9825746618286,1403.59,1596.14,False,False,False,True,False,False,True,False,False
2024-07-01,0.0,0.0,0.0,55.31999999999999,0.0,0.0,7,3,2024,18,373.37,1403.59,0.0,1596.14,68.34,592.32,726.9597986821553,748.5216666666666,700.7653435328166,479.86083333333335,573.2141921807452,1403.59,1596.14,False,False,False,True,False,False,True,False,False
2024-08-01,66.58,11.52,1.0,24.66,10.0,3.0,8,3,2024,19,0.0,373.37,1403.59,41.84,170.4,592.32,726.9597986821553,482.4983333333334,611.9767473823384,474.1658333333333,577.9939790573212,1403.59,1403.59,False,False,False,True,False,False,True,False,False
2024-09-01,585.81,189.92,3.0,41.406666666666666,10.0,16.0,9,3,2024,20,66.58,0.0,373.37,1076.19,417.49,146.65,199.14741499703138,486.62166666666667,608.4873012123313,465.51416666666665,583.7030496666533,373.37,1403.59,False,False,False,True,False,False,True,False,False
2024-10-01,0.0,0.0,0.0,55.31999999999999,0.0,0.0,10,4,2024,21,585.81,66.58,0.0,0.0,593.41,217.46333333333328,320.72990854195865,404.8916666666667,542.8540737773518,479.5408333333333,584.4659995159269,585.81,1403.59,False,False,False,True,False,False,True,False,False
2024-11-01,0.0,0.0,0.0,55.31999999999999,0.0,0.0,11,4,2024,22,0.0,585.81,66.58,1403.59,17.56,217.46333333333328,320.72990854195865,404.8916666666667,542.8540737773518,430.09,598.8818486601054,585.81,1403.59,False,False,False,True,False,False,True,False,False
2024-12-01,207.84,50.35,3.0,73.52333333333333,5.0,3.0,12,4,2024,23,0.0,0.0,585.81,373.37,0.0,195.26999999999995,338.2175611939744,170.96000000000004,249.6587590291995,428.6266666666667,600.0018838051235,585.81,585.81,False,False,False,True,False,False,True,False,False
2025-01-01,338.6,138.19,1.0,67.72,0.0,5.0,1,1,2025,24,207.84,0.0,0.0,0.0,1596.14,69.27999999999996,119.99647994837183,143.3716666666667,231.2881792411073,445.94666666666666,589.4104149885457,207.84,585.81,False,False,False,True,False,False,True,False,False
2025-02-01,0.0,0.0,0.0,55.31999999999999,0.0,0.0,2,1,2025,25,338.6,207.84,0.0,66.58,41.84,182.14666666666665,170.75596778248584,199.80500000000006,230.61719361313865,341.15166666666664,464.97758584949463,338.6,585.81,False,False,False,True,False,False,True,False,False
2025-03-01,1001.53,308.73,5.0,66.44800000000001,10.0,18.0,3,1,2025,26,0.0,338.6,207.84,585.81,1076.19,182.14666666666665,170.75596778248584,188.7083333333334,239.73142108757156,337.665,467.57564409894724,338.6,585.81,False,False,False,True,False,False,True,False,False
2025-04-01,1174.42,418.94,4.0,102.565,6.25,19.0,4,2,2025,27,1001.53,0.0,338.6,0.0,0.0,446.71,509.44225806267775,257.99500000000006,390.2668949193614,331.4433333333333,457.2377405749229,1001.53,1001.53,False,False,False,True,False,False,True,False,False
2025-05-01,1181.51,480.15,2.0,110.455,2.5,11.0,5,2,2025,28,1174.42,1001.53,0.0,0.0,1403.59,725.3166666666666,634.0630396367015,453.73166666666674,510.869367036884,429.31166666666667,503.22110762626596,1174.42,1174.42,False,False,False,True,False,False,True,False,False
2025-06-01,194.81,59.49,2.0,37.39,0.0,5.0,6,2,2025,29,1181.51,1174.42,1001.53,207.84,373.37,1119.1533333333334,101.92646090850587,650.6500000000001,528.4061786164123,410.805,466.90668876028195,1181.51,1181.51,False,False,False,True,False,False,True,False,False
2025-07-01,516.19,131.94,2.0,58.255,15.0,15.0,7,3,2025,30,194.81,1181.51,1174.42,338.6,0.0,850.2466666666668,567.6358736314445,648.4783333333334,530.6122050392985,395.925,471.0352142886983,1181.51,1181.51,False,False,False,True,False,False,True,False,False
2025-08-01,109.42,34.29,1.0,115.18,5.0,1.0,8,3,2025,31,516.19,194.81,1181.51,0.0,66.58,630.8366666666666,503.2416081101931,678.0766666666667,514.5805698495295,438.94083333333333,454.8844634221735,1181.51,1181.51,False,False,False,True,False,False,True,False,False
2025-09-01,926.64,352.91,3.0,111.95666666666666,3.333333333333333,12.0,9,3,2025,32,109.42,516.19,194.81,1001.53,585.81,273.47333333333324,214.49102133500415,696.3133333333334,486.9399956736625,442.5108333333333,451.8544693605016,516.19,1181.51,False,False,False,True,False,False,True,False,False
2025-10-01,474.69999999999993,174.04,2.0,87.995,2.5,6.0,10,4,2025,33,926.64,109.42,516.19,1174.42,0.0,517.4166666666665,408.61138093955867,683.8316666666668,478.43729049549063,470.91333333333324,471.94597640241,926.64,1181.51,False,False,False,True,False,False,True,False,False
2025-11-01,289.64,79.02,2.0,34.205,2.5,10.0,11,4,2025,34,474.69999999999993,926.64,109.42,1181.51,0.0,503.58666666666653,409.37508684986335,567.2116666666667,416.16559191824894,510.47166666666664,448.18215468577927,926.64,1181.51,False,False,False,True,False,False,True,False,False
2025-12-01,580.73,182.28,4.0,85.635,10.0,8.0,12,4,2025,35,289.64,474.69999999999993,926.64,194.81,207.84,563.6599999999999,327.6853081845444,418.56666666666666,294.30615730335404,534.6083333333332,425.4125313330008,926.64,926.64,False,False,False,True,False,False,True,False,False
2024-01-01,1235.05,429.17,8.0,73.945,7.5,18.0,1,1,2024,12,382.99,593.99,1357.64,626.22,690.64,778.2066666666666,512.7743078912334,783.9316666666667,445.85697291470797,893.3033333333333,390.6043877548399,1357.64,1357.64,False,False,False,True,False,False,False,True,False
2024-02-01,386.36,165.0,1.0,96.59,0.0,4.0,2,1,2024,13,1235.05,382.99,593.99,1333.87,1114.08,737.3433333333334,443.7501487699282,885.4033333333333,471.33809256908853,938.6708333333335,396.4971055599577,1235.05,1357.64,False,False,False,True,False,False,False,True,False
2024-03-01,1134.15,373.6,3.0,69.74333333333334,13.333333333333334,21.0,3,1,2024,14,386.36,1235.05,382.99,408.88,1226.18,668.1333333333333,490.96712663205204,727.4850000000001,449.2417355834162,878.0275,422.05740844161767,1235.05,1357.64,False,False,False,True,False,False,False,True,False
2024-04-01,416.41,104.1,4.0,46.7575,12.5,10.0,4,2,2024,15,1134.15,386.36,1235.05,1357.64,780.47,918.5200000000001,463.61719305910145,848.3633333333333,443.91182285073995,870.3583333333332,415.94796380914,1235.05,1357.64,False,False,False,True,False,False,False,True,False
2024-05-01,942.62,221.27,4.0,90.1575,17.5,19.0,5,2,2024,16,416.41,1134.15,386.36,593.99,707.48,645.6400000000001,423.32879148482226,691.4916666666667,391.11562803941587,840.02,435.89865354648236,1134.15,1235.05,False,False,False,True,False,False,False,True,False
2024-06-01,1603.06,630.38,3.0,110.92,6.666666666666667,15.0,6,2,2024,17,942.62,416.41,1134.15,382.99,1497.1999999999998,831.0600000000001,371.64755091349673,749.5966666666667,399.53945765927386,859.6149999999999,434.6823644811335,1134.15,1235.05,False,False,False,True,False,False,False,True,False
2024-07-01,1598.06,596.39,8.0,85.8325,8.75,20.0,7,3,2024,18,1603.06,942.62,416.41,1235.05,626.22,987.3633333333333,594.5889588895285,952.9416666666667,478.34359414197945,868.4366666666666,449.61582713029634,1603.06,1603.06,False,False,False,True,False,False,False,True,False
2024-08-01,1402.55,505.1,6.0,81.28666666666668,10.833333333333334,19.0,8,3,2024,19,1598.06,1603.06,942.62,386.36,1333.87,1381.2466666666667,379.8700626968829,1013.4433333333333,540.1282833796678,949.4233333333333,487.91518682383037,1603.06,1603.06,False,False,False,True,False,False,False,True,False
2024-09-01,2121.6800000000003,882.74,6.0,69.835,4.166666666666667,21.0,9,3,2024,20,1402.55,1598.06,1603.06,1134.15,408.88,1534.5566666666666,114.34845881486038,1182.8083333333332,457.111864707827,955.1466666666666,493.20887911961216,1603.06,1603.06,False,False,False,True,False,False,False,True,False
2024-10-01,634.62,207.91,3.0,47.54,8.333333333333334,15.0,10,4,2024,21,2121.6800000000003,1402.55,1598.06,416.41,1357.64,1707.43,371.8310596225129,1347.3966666666668,593.5204698295307,1097.8799999999999,563.5701195543866,2121.6800000000003,2121.6800000000003,False,False,False,True,False,False,False,True,False
2024-11-01,2085.1800000000003,761.82,7.0,64.80285714285715,5.714285714285714,36.0,11,4,2024,22,634.62,2121.6800000000003,1402.55,942.62,593.99,1386.2833333333335,743.6634415065284,1383.765,528.1498290352846,1037.6283333333333,571.8626254431985,2121.6800000000003,2121.6800000000003,False,False,False,True,False,False,False,True,False
2024-12-01,687.44,295.87,1.0,171.86,0.0,4.0,12,4,2024,23,2085.1800000000003,634.62,2121.6800000000003,1603.06,382.99,1613.8266666666668,848.2142032136305,1574.1916666666668,543.0490601194952,1161.8941666666667,626.1383118835115,2121.6800000000003,2121.6800000000003,False,False,False,True,False,False,False,True,False
2025-01-01,1914.07,799.23,6.0,79.81333333333333,3.333333333333333,20.0,1,1,2025,24,687.44,2085.1800000000003,634.62,1598.06,1235.05,1135.7466666666667,822.6574189377578,1421.5883333333334,651.195804974715,1187.265,597.2080455906316,2085.1800000000003,2121.6800000000003,False,False,False,True,False,False,False,True,False
2025-02-01,499.87,193.59,2.0,189.07,5.0,3.0,2,1,2025,25,1914.07,687.44,2085.1800000000003,1402.55,386.36,1562.2300000000002,762.4059391820085,1474.256666666667,680.4457516853691,1243.85,633.229220453671,2085.1800000000003,2121.6800000000003,False,False,False,True,False,False,False,True,False
2025-03-01,1116.32,374.11,7.0,61.28285714285715,7.857142857142857,23.0,3,1,2025,26,499.87,1914.07,687.44,2121.6800000000003,1134.15,1033.7933333333333,768.089111778922,1323.8100000000002,790.3814823235678,1253.3091666666667,619.9644514949421,1914.07,2121.6800000000003,False,False,False,True,False,False,False,True,False
2025-04-01,1384.98,488.45,9.0,75.31888888888889,7.222222222222222,25.0,4,2,2025,27,1116.32,499.87,1914.07,634.62,416.41,1176.7533333333333,709.0342381248831,1156.25,687.2425888432703,1251.8233333333335,620.2972721839006,1914.07,2085.1800000000003,False,False,False,True,False,False,False,True,False
2025-05-01,1013.82,342.4,4.0,69.4425,8.75,15.0,5,2,2025,28,1384.98,1116.32,499.87,2085.1800000000003,942.62,1000.39,453.8003434331005,1281.3100000000002,639.9830332126002,1332.5375,561.9846087042374,1384.98,2085.1800000000003,False,False,False,True,False,False,False,True,False
2025-06-01,200.18,46.15,3.0,52.06666666666666,15.0,6.0,6,2,2025,29,1013.82,1384.98,1116.32,687.44,1603.06,1171.7066666666667,191.67863348149532,1102.75,506.34638254854747,1338.4708333333333,557.8543667311934,1384.98,1914.07,False,False,False,True,False,False,False,True,False
2025-07-01,1008.48,264.32,4.0,73.7,10.0,12.0,7,3,2025,30,200.18,1013.82,1384.98,1914.07,1598.06,866.3266666666667,606.0144161101558,1021.54,613.923956170469,1221.5641666666668,638.5287783712912,1384.98,1914.07,False,False,False,True,False,False,False,True,False
2025-08-01,197.28,53.87,2.0,35.17,7.5,6.0,8,3,2025,31,1008.48,200.18,1013.82,499.87,1402.55,740.8266666666665,468.22136061197915,870.6083333333332,436.2090495355026,1172.4325,629.5451251372622,1013.82,1384.98,False,False,False,True,False,False,False,True,False
2025-09-01,1839.16,680.68,2.0,130.465,12.5,11.0,9,3,2025,32,197.28,1008.48,200.18,1116.32,2121.6800000000003,468.64666666666653,467.5116290888738,820.1766666666666,500.41096893120414,1071.9933333333333,683.3413715284801,1008.48,1384.98,False,False,False,True,False,False,False,True,False
2025-10-01,916.05,340.7,5.0,47.35,10.0,19.0,10,4,2025,33,1839.16,197.28,1008.48,1384.98,634.62,1014.9733333333334,820.9592597281144,940.65,650.4765798397357,1048.45,647.8328112182255,1839.16,1839.16,False,False,False,True,False,False,False,True,False
2025-11-01,361.26,117.83,3.0,53.24999999999999,8.333333333333334,7.0,11,4,2025,34,916.05,1839.16,197.28,1013.82,2085.1800000000003,984.1633333333333,823.0565310070344,862.495,613.5349528022018,1071.9025,636.4843151838072,1839.16,1839.16,False,False,False,True,False,False,False,True,False
2025-12-01,996.53,322.38,4.0,95.825,12.5,17.0,12,4,2025,35,361.26,916.05,1839.16,200.18,687.44,1038.823333333333,746.5601590182357,753.735,638.669012172972,928.2425,578.9377609683097,1839.16,1839.16,False,False,False,True,False,False,False,True,False
2024-01-01,0.0,0.0,0.0,55.31999999999999,0.0,0.0,1,1,2024,12,0.0,312.87,187.59,1864.12,537.18,166.82000000000002,157.46572293677096,485.86999999999995,706.3720673412844,481.635,553.7949504760107,312.87,1864.12,False,False,False,True,False,False,False,False,True
2024-02-01,74.68,19.7,1.0,78.61,5.0,1.0,2,1,2024,13,0.0,0.0,312.87,0.0,654.39,104.29,180.6355787213579,175.1833333333333,224.56484717485665,436.86999999999995,570.3601320378044,312.87,550.64,False,False,False,True,False,False,False,False,True
2024-03-01,55.14,12.66,1.0,27.57,0.0,2.0,3,1,2024,14,74.68,0.0,0.0,550.64,1137.39,24.893333333333334,43.116518103081255,187.63,214.76920431011533,388.5608333333334,574.7947318265939,74.68,550.64,False,False,False,True,False,False,False,False,True
2024-04-01,2106.24,702.5,5.0,101.538,16.0,22.0,4,2,2024,15,55.14,74.68,0.0,187.59,482.46,43.27333333333333,38.728399571029705,105.04666666666668,122.87095176105187,298.37333333333333,529.7596136213504,74.68,312.87,False,False,False,True,False,False,False,False,True
2024-05-01,70.74,11.85,1.0,26.2,10.0,3.0,5,2,2024,16,2106.24,55.14,74.68,312.87,52.98,745.3533333333334,1178.6029197882267,424.82166666666666,831.854723576579,433.68833333333333,744.7922177216864,2106.24,2106.24,False,False,False,True,False,False,False,False,True
2024-06-01,335.92,120.86,2.0,129.205,2.5,4.0,6,2,2024,17,70.74,2106.24,55.14,0.0,0.0,744.04,1179.7255909744433,384.46666666666664,844.1541210624198,435.16833333333335,743.9841332720786,2106.24,2106.24,False,False,False,True,False,False,False,False,True
2024-07-01,73.52,9.51,1.0,17.3,15.0,5.0,7,3,2024,18,335.92,70.74,2106.24,0.0,1864.12,837.6333333333332,1106.6174877225342,440.4533333333333,824.46540503933,463.1616666666667,732.3506071030748,2106.24,2106.24,False,False,False,True,False,False,False,False,True
2024-08-01,254.28,95.8,1.0,63.57,0.0,4.0,8,3,2024,19,73.52,335.92,70.74,74.68,0.0,160.06,152.3055704825002,452.70666666666665,817.1237467768676,313.945,589.4265735981338,335.92,2106.24,False,False,False,True,False,False,False,False,True
2024-09-01,523.35,158.98,4.0,76.85,6.25,11.0,9,3,2024,20,254.28,73.52,335.92,55.14,550.64,221.24,134.28392010959405,482.63999999999993,803.6851426273848,335.135,581.633342665291,335.92,2106.24,False,False,False,True,False,False,False,False,True
2024-10-01,155.41,29.01,2.0,43.1,10.0,4.0,10,4,2024,21,523.35,254.28,73.52,2106.24,187.59,283.7166666666667,226.35513078641085,560.675,776.1331495497404,332.86083333333335,580.7668298732809,523.35,2106.24,False,False,False,True,False,False,False,False,True
2024-11-01,0.0,0.0,0.0,55.31999999999999,0.0,0.0,11,4,2024,22,155.41,523.35,254.28,70.74,312.87,311.0133333333333,190.41786742145067,235.53666666666666,174.9812934763788,330.1791666666667,581.5723283941454,523.35,523.35,False,False,False,True,False,False,False,False,True
2024-12-01,375.54,145.71,1.0,62.59,0.0,6.0,12,4,2024,23,0.0,155.41,523.35,335.92,0.0,226.25333333333333,268.77107179407005,223.74666666666667,190.0409538669668,304.1066666666667,589.3796026691322,523.35,523.35,False,False,False,True,False,False,False,False,True
2025-01-01,528.66,136.68,2.0,79.59,15.0,9.0,1,1,2025,24,375.54,0.0,155.41,73.52,0.0,176.98333333333332,188.69718978652853,230.35,195.33282161480167,335.4016666666667,581.6841386374774,375.54,523.35,False,False,False,True,False,False,False,False,True
2025-02-01,1372.14,520.29,3.0,76.28666666666668,8.333333333333334,17.0,2,1,2025,25,528.66,375.54,0.0,254.28,74.68,301.4,272.0163664193752,306.20666666666665,210.0677795062027,379.45666666666665,573.9405415567227,528.66,528.66,False,False,False,True,False,False,False,False,True
2025-03-01,384.4,89.06,2.0,37.07,12.5,11.0,3,1,2025,26,1372.14,528.66,375.54,523.35,55.14,758.7800000000001,536.6742967573533,492.5166666666667,478.72567420879636,487.5783333333333,630.7090558012441,1372.14,1372.14,False,False,False,True,False,False,False,False,True
2025-04-01,497.83,130.46,3.0,86.22666666666665,13.333333333333334,10.0,4,2,2025,27,384.4,1372.14,528.66,155.41,2106.24,761.7333333333332,533.5259702519953,469.35833333333335,480.29408167982524,515.0166666666668,617.2034845293335,1372.14,1372.14,False,False,False,True,False,False,False,False,True
2025-05-01,110.23,21.77,2.0,60.18000000000001,7.5,2.0,5,2,2025,28,497.83,384.4,1372.14,0.0,70.74,751.4566666666666,540.5112778040186,526.4283333333333,455.21801257932077,380.9825,362.1982562862749,1372.14,1372.14,False,False,False,True,False,False,False,False,True
2025-06-01,907.92,348.65,2.0,88.46000000000001,5.0,11.0,6,2,2025,29,110.23,497.83,384.4,375.54,335.92,330.8199999999999,199.2775760089427,544.8,431.3203794396921,384.27333333333337,359.29095551537534,497.83,1372.14,False,False,False,True,False,False,False,False,True
2025-07-01,576.5,185.39,1.0,53.38,10.0,12.0,7,3,2025,30,907.92,110.23,497.83,528.66,73.52,505.32666666666654,398.8978365864287,633.53,444.10707222470575,431.94000000000005,389.0071688051752,907.92,1372.14,False,False,False,True,False,False,False,False,True
2025-08-01,1457.57,541.07,3.0,132.34666666666666,10.0,12.0,8,3,2025,31,576.5,907.92,110.23,1372.14,254.28,531.5499999999998,400.7402037480141,641.5033333333333,442.27338100621273,473.855,373.67251604239567,907.92,1372.14,False,False,False,True,False,False,False,False,True
2025-09-01,0.0,0.0,0.0,55.31999999999999,0.0,0.0,9,3,2025,32,1457.57,576.5,907.92,384.4,523.35,980.6633333333333,445.01660714329853,655.7416666666667,470.9452627818509,574.1291666666667,460.70753494357757,1457.57,1457.57,False,False,False,True,False,False,False,False,True
2025-10-01,100.08,15.05,2.0,56.46,12.5,2.0,10,4,2025,33,0.0,1457.57,576.5,497.83,155.41,678.0233333333332,734.0693541030936,591.6750000000001,536.7850238875893,530.5166666666667,489.8039435850992,1457.57,1457.57,False,False,False,True,False,False,False,False,True
2025-11-01,0.0,0.0,0.0,55.31999999999999,0.0,0.0,11,4,2025,34,100.08,0.0,1457.57,110.23,0.0,519.2166666666666,814.1770294188685,525.3833333333333,573.9655144576776,525.9058333333334,493.8993760134902,1457.57,1457.57,False,False,False,True,False,False,False,False,True
2025-12-01,0.0,0.0,0.0,55.31999999999999,0.0,0.0,12,4,2025,35,0.0,100.08,0.0,907.92,375.54,33.36,57.781214940499524,507.0116666666667,591.4105692128494,525.9058333333334,493.8993760134902,100.08,1457.57,False,False,False,True,False,False,False,False,True
